-- phpMyAdmin SQL Dump
-- version 4.9.2
-- https://www.phpmyadmin.net/
--
-- Servidor: 127.0.0.1:3309
-- Tiempo de generación: 24-04-2021 a las 00:39:16
-- Versión del servidor: 8.0.18
-- Versión de PHP: 7.3.12

SET SQL_MODE = "NO_AUTO_VALUE_ON_ZERO";
SET AUTOCOMMIT = 0;
START TRANSACTION;
SET time_zone = "+00:00";


/*!40101 SET @OLD_CHARACTER_SET_CLIENT=@@CHARACTER_SET_CLIENT */;
/*!40101 SET @OLD_CHARACTER_SET_RESULTS=@@CHARACTER_SET_RESULTS */;
/*!40101 SET @OLD_COLLATION_CONNECTION=@@COLLATION_CONNECTION */;
/*!40101 SET NAMES utf8mb4 */;

--
-- Base de datos: `canchas2`
--

-- --------------------------------------------------------

--
-- Estructura de tabla para la tabla `canchas`
--

DROP TABLE IF EXISTS `canchas`;
CREATE TABLE IF NOT EXISTS `canchas` (
  `cantidad` int(3) NOT NULL DEFAULT '1'
) ENGINE=MyISAM DEFAULT CHARSET=latin1;

--
-- Volcado de datos para la tabla `canchas`
--

INSERT INTO `canchas` (`cantidad`) VALUES
(7);

-- --------------------------------------------------------

--
-- Estructura de tabla para la tabla `cargafactura`
--

DROP TABLE IF EXISTS `cargafactura`;
CREATE TABLE IF NOT EXISTS `cargafactura` (
  `producto` varchar(20) NOT NULL,
  `cantidad` int(10) NOT NULL,
  `factura` varchar(30) NOT NULL
) ENGINE=MyISAM DEFAULT CHARSET=latin1;

--
-- Volcado de datos para la tabla `cargafactura`
--

INSERT INTO `cargafactura` (`producto`, `cantidad`, `factura`) VALUES
('Pepsi 500ml', 24, 'B000500034523'),
('7 Up 500ml', 24, 'B000500034523'),
('Pepsi Lata 354ml', 24, 'B000500034523'),
('7 Up Lata 354ml', 24, 'B000500034523'),
('Paso D T Lata 269ml', 48, 'B000500034523'),
('Agua 500ml', 24, 'B000500034523'),
('Agua 2.20L', 12, 'B000500034523'),
('Pepsi 2.45L', 16, 'B000500034523'),
('7 UP 2.45L', 16, 'B000500034523'),
('Paso D Los To 2.25L', 16, 'B000500034523'),
('7 UP Sin Azu 2.25L', 16, 'B000500034523');

-- --------------------------------------------------------

--
-- Estructura de tabla para la tabla `consumoturno`
--

DROP TABLE IF EXISTS `consumoturno`;
CREATE TABLE IF NOT EXISTS `consumoturno` (
  `cantidad` int(10) NOT NULL,
  `nombre` varchar(20) NOT NULL,
  `total` decimal(10,2) NOT NULL,
  `id_turno` int(10) NOT NULL,
  `categoria` int(2) NOT NULL,
  `codigo` varchar(20) NOT NULL,
  `costo` decimal(10,2) NOT NULL
) ENGINE=MyISAM DEFAULT CHARSET=latin1;

--
-- Volcado de datos para la tabla `consumoturno`
--

INSERT INTO `consumoturno` (`cantidad`, `nombre`, `total`, `id_turno`, `categoria`, `codigo`, `costo`) VALUES
(5, '7 UP Sin Azu 2.25L', '800.00', 182, 1, '7791813900115', '8873.40'),
(1, 'Paso D T Lata 269ml', '40.00', 245, 1, '7791813800750', '1353.62'),
(1, 'Agua 2.20L', '100.00', 245, 1, '7795930000543', '789.94'),
(1, '7 UP Sin Azu 2.25L', '160.00', 245, 1, '7791813900115', '1774.68');

-- --------------------------------------------------------

--
-- Estructura de tabla para la tabla `consumoventas`
--

DROP TABLE IF EXISTS `consumoventas`;
CREATE TABLE IF NOT EXISTS `consumoventas` (
  `cantidad` int(10) NOT NULL,
  `nombre` varchar(20) NOT NULL,
  `total` decimal(10,2) NOT NULL,
  `categoria` int(2) NOT NULL,
  `codigo` varchar(20) NOT NULL,
  `costo` decimal(8,2) NOT NULL
) ENGINE=MyISAM DEFAULT CHARSET=latin1;

-- --------------------------------------------------------

--
-- Estructura de tabla para la tabla `contador`
--

DROP TABLE IF EXISTS `contador`;
CREATE TABLE IF NOT EXISTS `contador` (
  `conteo` int(2) NOT NULL DEFAULT '3'
) ENGINE=MyISAM DEFAULT CHARSET=latin1;

--
-- Volcado de datos para la tabla `contador`
--

INSERT INTO `contador` (`conteo`) VALUES
(10);

-- --------------------------------------------------------

--
-- Estructura de tabla para la tabla `facturas`
--

DROP TABLE IF EXISTS `facturas`;
CREATE TABLE IF NOT EXISTS `facturas` (
  `id_factura` int(10) NOT NULL AUTO_INCREMENT,
  `numero` varchar(30) NOT NULL,
  `fecha` date NOT NULL,
  PRIMARY KEY (`id_factura`)
) ENGINE=MyISAM AUTO_INCREMENT=7 DEFAULT CHARSET=latin1;

--
-- Volcado de datos para la tabla `facturas`
--

INSERT INTO `facturas` (`id_factura`, `numero`, `fecha`) VALUES
(6, 'B000500034523', '2020-09-24');

-- --------------------------------------------------------

--
-- Estructura de tabla para la tabla `ingresos`
--

DROP TABLE IF EXISTS `ingresos`;
CREATE TABLE IF NOT EXISTS `ingresos` (
  `descripcion` varchar(30) NOT NULL,
  `gasto` decimal(10,2) NOT NULL,
  `io` int(10) NOT NULL AUTO_INCREMENT,
  PRIMARY KEY (`io`)
) ENGINE=MyISAM DEFAULT CHARSET=latin1;

-- --------------------------------------------------------

--
-- Estructura de tabla para la tabla `precios`
--

DROP TABLE IF EXISTS `precios`;
CREATE TABLE IF NOT EXISTS `precios` (
  `precio` int(10) NOT NULL
) ENGINE=MyISAM DEFAULT CHARSET=latin1;

--
-- Volcado de datos para la tabla `precios`
--

INSERT INTO `precios` (`precio`) VALUES
(1500);

-- --------------------------------------------------------

--
-- Estructura de tabla para la tabla `productos`
--

DROP TABLE IF EXISTS `productos`;
CREATE TABLE IF NOT EXISTS `productos` (
  `id_producto` int(11) NOT NULL AUTO_INCREMENT,
  `codigo` varchar(20) NOT NULL,
  `producto` varchar(20) NOT NULL,
  `precio` decimal(8,2) NOT NULL,
  `stock` int(10) NOT NULL DEFAULT '0',
  `costo` decimal(8,2) NOT NULL,
  `categoria` int(2) NOT NULL,
  PRIMARY KEY (`id_producto`)
) ENGINE=MyISAM AUTO_INCREMENT=27 DEFAULT CHARSET=latin1;

--
-- Volcado de datos para la tabla `productos`
--

INSERT INTO `productos` (`id_producto`, `codigo`, `producto`, `precio`, `stock`, `costo`, `categoria`) VALUES
(1, '7795930000543', 'Agua 2.20L', '100.00', -4, '65.66', 1),
(2, '7791813555070', 'Pepsi 2.45L', '170.00', 8, '115.18', 1),
(3, '7791813777076', '7 UP 2.45L', '170.00', 9, '115.18', 1),
(4, '7791813900115', '7 UP Sin Azu 2.25L', '160.00', 3, '110.90', 1),
(5, '7791813423386', 'Paso D Los To 2.25L', '160.00', -16, '110.90', 1),
(6, '7791813050117', 'Pepsi Lata 354ml', '50.00', 6, '32.39', 1),
(7, '7791813777021', '7 Up Lata 354ml', '50.00', -7, '32.39', 1),
(8, '7791813777038', '7 Up 500ml', '60.00', 8, '40.44', 1),
(9, '7792799000899', 'Agua 500ml', '50.00', 17, '46.00', 1),
(10, '7791813800750', 'Paso D T Lata 269ml', '40.00', 37, '28.20', 1),
(11, '7791813555032', 'Pepsi 500ml', '60.00', 13, '40.46', 1),
(12, '7792798005888', 'Brahma 473ml', '90.00', -354, '0.00', 1),
(13, '7792799000097', 'Agua Eco 2L', '90.00', -6, '55.00', 1),
(14, '7795930000499', 'AwaFrut Pom 2.25L', '100.00', -4, '57.00', 1),
(15, '7795930000482', 'AwaFrut NarD 2.25L', '100.00', -7, '57.00', 1),
(16, '7792170042005', 'Gatorade Manz 500ml', '70.00', -17, '46.00', 1),
(17, '7792931000022', 'Agua Glaciar 1.5L', '80.00', -5, '40.00', 1),
(18, '7791813333029', 'Mirinda Lata 354ml', '50.00', 0, '24.00', 1),
(19, '7791813555049', 'Pepsi 1,5L', '130.00', -10, '59.00', 1),
(20, '7791813777045', '7Up 1,5L', '130.00', -8, '59.00', 1),
(21, '7791813421382', 'Paso 1,5L', '130.00', -6, '59.00', 1),
(22, '90415418', 'Red Bull Free 250ml', '100.00', -2, '60.00', 1),
(23, '2222222', 'Brahma', '150.00', -63, '92.00', 1),
(24, '333333', 'Stella', '200.00', -1, '136.00', 1),
(25, '222112', 'Coca 1,5L', '130.00', -2, '0.00', 1),
(26, '154545', 'Aquarius 1,5L', '120.00', -1, '0.00', 1);

-- --------------------------------------------------------

--
-- Estructura de tabla para la tabla `reserva`
--

DROP TABLE IF EXISTS `reserva`;
CREATE TABLE IF NOT EXISTS `reserva` (
  `id_turno` int(10) NOT NULL,
  `cancha` int(3) NOT NULL,
  `horario` int(3) NOT NULL,
  `fecha` varchar(15) NOT NULL,
  `condicion` int(3) NOT NULL DEFAULT '0',
  `id_reserva` int(10) NOT NULL AUTO_INCREMENT,
  `esfijo` int(3) NOT NULL DEFAULT '0',
  `borrado` int(3) NOT NULL DEFAULT '0',
  `pago` int(6) NOT NULL DEFAULT '0',
  PRIMARY KEY (`id_reserva`)
) ENGINE=MyISAM AUTO_INCREMENT=1640 DEFAULT CHARSET=latin1;

--
-- Volcado de datos para la tabla `reserva`
--

INSERT INTO `reserva` (`id_turno`, `cancha`, `horario`, `fecha`, `condicion`, `id_reserva`, `esfijo`, `borrado`, `pago`) VALUES
(1, 1, 19, 'jueves', 0, 1, 1, 0, 0),
(1, 1, 19, '20200924', 3, 2, 1, 0, 1500),
(226, 4, 20, '20201002', 0, 532, 1, 1, 0),
(3, 2, 19, '20200918', 0, 5, 0, 0, 0),
(46, 1, 17, '20200924', 3, 84, 0, 0, 1500),
(26, 5, 22, '20200930', 3, 62, 1, 0, 1500),
(5, 5, 20, '20200930', 3, 60, 1, 0, 1500),
(5, 5, 20, 'miércoles', 0, 10, 1, 0, 0),
(5, 5, 20, '20200923', 0, 11, 1, 1, 0),
(6, 2, 22, '20200922', 0, 12, 0, 0, 0),
(7, 1, 22, 'martes', 0, 13, 1, 0, 0),
(7, 1, 22, '20200922', 0, 14, 1, 0, 0),
(7, 1, 22, 'miércoles', 0, 15, 1, 0, 0),
(7, 1, 22, '20200923', 3, 16, 1, 0, 1500),
(7, 1, 22, 'viernes', 0, 17, 1, 0, 0),
(7, 1, 22, '20200925', 3, 18, 1, 0, 1500),
(7, 1, 22, '20200930', 3, 61, 1, 0, 1500),
(7, 1, 22, '20200918', 0, 20, 1, 0, 0),
(8, 1, 17, '20200918', 0, 21, 0, 0, 0),
(9, 1, 20, '20200923', 3, 22, 0, 0, 1500),
(10, 1, 22, '20200921', 0, 23, 0, 0, 0),
(11, 7, 22, '20200923', 3, 24, 0, 0, 1500),
(119, 6, 22, '20200924', 3, 170, 0, 0, 1500),
(13, 1, 21, 'martes', 0, 26, 1, 0, 0),
(13, 1, 21, '20200922', 0, 27, 1, 0, 0),
(14, 3, 19, '20200918', 0, 28, 0, 0, 0),
(2, 5, 19, '20200919', 0, 29, 0, 0, 0),
(15, 2, 21, '20200922', 0, 30, 0, 0, 0),
(16, 5, 21, 'martes', 0, 31, 1, 0, 0),
(16, 5, 21, '20200922', 0, 32, 1, 0, 0),
(17, 5, 20, 'martes', 0, 33, 1, 0, 0),
(17, 5, 20, '20200922', 0, 34, 1, 0, 0),
(18, 1, 20, '20200921', 0, 35, 0, 0, 0),
(18, 4, 20, '20200925', 3, 36, 0, 0, 1500),
(19, 1, 18, '20200918', 0, 37, 0, 0, 0),
(20, 1, 19, '20200918', 0, 38, 0, 0, 0),
(21, 2, 18, '20200918', 0, 39, 0, 0, 0),
(22, 1, 21, 'lunes', 0, 40, 1, 0, 0),
(22, 1, 21, '20200921', 0, 41, 1, 0, 0),
(332, 7, 21, 'jueves', 0, 534, 1, 0, 0),
(23, 5, 20, '20200924', 0, 43, 1, 1, 0),
(26, 5, 22, 'miércoles', 0, 47, 1, 0, 0),
(26, 5, 22, '20200923', 3, 48, 1, 0, 1500),
(27, 4, 19, '20200918', 0, 50, 0, 0, 0),
(55, 4, 20, 'jueves', 0, 93, 1, 0, 0),
(4, 1, 14, 'martes', 0, 52, 1, 0, 0),
(7, 1, 22, '20200929', 0, 53, 1, 0, 0),
(13, 1, 21, '20200929', 0, 54, 1, 0, 0),
(16, 5, 21, '20200929', 0, 55, 1, 0, 0),
(17, 5, 20, '20200929', 0, 56, 1, 0, 0),
(4, 1, 14, '20200929', 3, 57, 1, 0, 1500),
(4, 1, 14, 'jueves', 0, 58, 1, 0, 0),
(4, 1, 14, '20200924', 3, 59, 1, 0, 1500),
(30, 1, 19, '20200923', 3, 64, 0, 0, 1500),
(31, 4, 19, '20200923', 3, 65, 0, 0, 1500),
(32, 5, 19, '20200923', 3, 66, 0, 0, 1500),
(33, 6, 19, '20200923', 3, 67, 0, 0, 1500),
(34, 7, 19, '20200923', 3, 68, 0, 0, 1500),
(35, 1, 20, 'miércoles', 0, 69, 1, 0, 0),
(35, 1, 20, '20200923', 0, 70, 1, 1, 0),
(35, 1, 20, '20200930', 0, 71, 1, 1, 0),
(36, 5, 20, '20200923', 3, 72, 0, 0, 1500),
(37, 6, 20, '20200923', 3, 73, 0, 0, 1500),
(38, 7, 20, '20200923', 3, 74, 0, 0, 1500),
(39, 1, 21, '20200923', 3, 75, 0, 0, 1500),
(40, 5, 21, '20200923', 3, 76, 0, 0, 1500),
(41, 7, 21, '20200923', 3, 77, 0, 0, 0),
(42, 6, 21, '20200923', 3, 78, 0, 0, 1500),
(43, 6, 22, '20200923', 3, 79, 0, 0, 1500),
(44, 1, 21, '20200925', 3, 81, 1, 0, 1500),
(452, 5, 22, '20201012', 3, 797, 0, 0, 1500),
(45, 5, 19, '20200924', 3, 83, 1, 0, 1500),
(47, 1, 18, '20200924', 3, 85, 0, 0, 1500),
(49, 5, 18, '20200924', 3, 87, 0, 0, 1500),
(50, 6, 18, '20200924', 3, 88, 0, 0, 1500),
(51, 7, 18, '20200924', 3, 89, 0, 0, 1500),
(52, 6, 19, '20200924', 3, 90, 0, 0, 1500),
(53, 7, 19, '20200924', 3, 91, 0, 0, 1500),
(54, 1, 20, '20200924', 3, 92, 0, 0, 1500),
(55, 6, 20, '20200924', 3, 94, 1, 0, 1500),
(56, 7, 20, '20200924', 3, 95, 0, 0, 1500),
(226, 4, 20, '20201009', 3, 531, 1, 0, 1500),
(57, 5, 21, '20200924', 3, 96, 0, 0, 1500),
(58, 6, 21, '20200924', 3, 97, 0, 0, 1500),
(59, 7, 21, '20200924', 3, 98, 0, 0, 1500),
(60, 1, 22, '20200924', 5, 99, 0, 0, 1500),
(152, 6, 22, '20200925', 3, 233, 0, 0, 1500),
(62, 1, 18, '20200925', 3, 101, 0, 0, 1500),
(63, 1, 19, 'viernes', 0, 102, 1, 0, 0),
(63, 1, 19, '20200925', 3, 103, 1, 0, 1500),
(64, 6, 18, '20200925', 3, 104, 0, 0, 1500),
(65, 5, 19, '20200925', 3, 105, 0, 0, 1500),
(66, 6, 19, '20200925', 3, 106, 0, 0, 1500),
(67, 7, 19, '20200925', 2, 107, 0, 0, 0),
(69, 2, 20, 'viernes', 0, 109, 1, 0, 0),
(69, 5, 20, '20200925', 3, 110, 1, 0, 1500),
(71, 1, 20, 'viernes', 0, 112, 1, 0, 0),
(71, 1, 20, '20200925', 3, 113, 1, 0, 1500),
(73, 5, 21, '20200925', 3, 115, 0, 0, 1500),
(74, 4, 21, '20200925', 3, 116, 0, 0, 1500),
(75, 7, 21, '20200925', 3, 117, 0, 0, 1500),
(76, 5, 22, '20200925', 3, 118, 0, 0, 1500),
(145, 5, 18, '20200926', 3, 224, 0, 0, 1500),
(78, 1, 18, '20200926', 3, 120, 0, 0, 1500),
(79, 1, 19, '20200926', 3, 121, 0, 0, 1500),
(80, 5, 19, '20200926', 3, 123, 1, 0, 1500),
(81, 4, 19, '20200926', 3, 124, 0, 0, 1500),
(194, 6, 17, '20200927', 3, 289, 0, 0, 1500),
(83, 5, 20, '20200926', 3, 126, 0, 0, 1500),
(84, 1, 21, '20200926', 3, 127, 0, 0, 1500),
(85, 5, 21, '20200926', 3, 128, 0, 0, 1500),
(86, 1, 15, '20200927', 3, 129, 0, 0, 1500),
(87, 1, 17, '20200927', 3, 130, 0, 0, 1500),
(22, 1, 21, '20200928', 3, 131, 1, 0, 1500),
(89, 1, 18, '20200928', 3, 133, 0, 0, 1500),
(90, 1, 19, '20200928', 3, 134, 0, 0, 1500),
(91, 1, 22, '20200928', 3, 135, 0, 0, 1500),
(92, 5, 19, '20200928', 3, 136, 0, 0, 1500),
(93, 5, 20, '20200928', 3, 137, 0, 0, 1500),
(94, 6, 21, '20200928', 3, 138, 0, 0, 1500),
(95, 6, 22, '20200928', 3, 139, 0, 0, 1500),
(215, 7, 17, '20200928', 3, 327, 0, 0, 1500),
(270, 1, 19, 'martes', 0, 407, 1, 0, 0),
(732, 2, 21, '20201020', 2, 1354, 0, 0, 0),
(98, 5, 19, '20200929', 3, 143, 1, 0, 1500),
(99, 6, 19, '20200929', 2, 144, 0, 0, 0),
(101, 7, 21, '20200928', 3, 147, 0, 0, 1500),
(102, 5, 21, '20200928', 3, 148, 0, 0, 1500),
(103, 4, 20, '20200923', 3, 150, 0, 0, 1500),
(104, 5, 18, '20200925', 3, 151, 0, 0, 1500),
(105, 6, 20, 'sábado', 0, 152, 1, 0, 0),
(105, 6, 20, '20200926', 3, 153, 1, 0, 1500),
(108, 4, 18, '20200925', 3, 159, 0, 0, 1500),
(166, 5, 22, '20200926', 2, 249, 0, 0, 0),
(40, 5, 21, '20200930', 3, 157, 0, 0, 1500),
(40, 4, 21, '20200926', 3, 158, 0, 0, 1500),
(109, 6, 21, '20200929', 0, 160, 0, 0, 0),
(110, 1, 15, '20200924', 3, 161, 0, 0, 1500),
(111, 5, 17, '20200924', 2, 162, 0, 0, 0),
(113, 7, 21, '20200929', 0, 164, 0, 0, 0),
(114, 5, 22, '20200924', 3, 165, 0, 0, 1500),
(115, 6, 16, '20200924', 3, 166, 0, 0, 1500),
(116, 7, 17, '20200924', 3, 167, 0, 0, 1500),
(131, 5, 15, '20200925', 3, 198, 0, 0, 1500),
(120, 5, 17, '20200930', 3, 171, 0, 0, 1500),
(475, 4, 21, '20201016', 3, 838, 1, 0, 1500),
(122, 5, 15, '20200924', 3, 174, 1, 0, 1500),
(123, 7, 22, '20200924', 3, 175, 0, 0, 1500),
(124, 1, 17, '20200925', 2, 176, 0, 0, 0),
(126, 7, 20, '20200926', 3, 178, 0, 0, 1500),
(137, 1, 16, '20200925', 3, 204, 0, 0, 1500),
(1, 1, 18, '20201001', 3, 181, 1, 0, 1500),
(2, 5, 22, '20201001', 2, 182, 1, 0, 0),
(23, 1, 20, '20201001', 2, 183, 1, 0, 0),
(140, 1, 21, '20200924', 3, 210, 0, 0, 1500),
(55, 6, 20, '20201001', 0, 185, 1, 1, 0),
(4, 1, 14, '20201001', 3, 186, 1, 0, 1500),
(451, 1, 15, '20201009', 3, 796, 0, 0, 1500),
(456, 4, 18, '20201009', 3, 804, 0, 0, 1500),
(46, 1, 17, '20201001', 3, 189, 0, 0, 1500),
(317, 6, 20, '20201001', 3, 507, 0, 0, 1500),
(129, 7, 20, 'jueves', 0, 191, 1, 0, 0),
(129, 7, 20, '20201001', 3, 192, 1, 0, 1500),
(130, 5, 20, 'jueves', 0, 193, 1, 0, 0),
(130, 5, 20, '20201001', 3, 194, 1, 0, 1500),
(129, 7, 20, '20200924', 0, 195, 1, 1, 0),
(331, 7, 20, '20201002', 3, 533, 0, 0, 1500),
(23, 5, 20, '20200924', 3, 197, 0, 0, 1500),
(132, 4, 17, '20200925', 3, 199, 0, 0, 1500),
(22, 1, 21, '20201005', 3, 231, 1, 0, 1500),
(134, 4, 19, '20200924', 3, 201, 0, 0, 1500),
(135, 7, 18, '20200930', 3, 202, 0, 0, 1500),
(136, 5, 15, '20200927', 3, 203, 0, 0, 1500),
(138, 4, 20, '20200924', 3, 205, 0, 0, 1500),
(52, 6, 19, '20201001', 3, 206, 0, 0, 1500),
(139, 5, 16, '20200927', 3, 207, 0, 0, 1500),
(25, 4, 21, 'jueves', 0, 208, 1, 0, 0),
(25, 4, 21, '20200924', 3, 209, 1, 0, 1500),
(25, 4, 21, '20201001', 3, 211, 1, 0, 1500),
(305, 7, 20, '20201005', 3, 492, 0, 0, 1500),
(7, 1, 22, '20201002', 3, 214, 1, 0, 1500),
(44, 1, 21, '20201002', 3, 215, 1, 0, 1500),
(63, 1, 19, '20201002', 3, 216, 1, 0, 1500),
(69, 5, 20, '20201002', 3, 217, 1, 0, 1500),
(71, 1, 20, '20201002', 3, 230, 1, 0, 1500),
(141, 5, 14, '20201002', 3, 219, 0, 0, 1500),
(142, 5, 17, '20200925', 3, 220, 0, 0, 1500),
(143, 6, 15, '20200926', 3, 221, 0, 0, 1500),
(57, 5, 21, '20201002', 3, 222, 0, 0, 1500),
(144, 7, 21, '20200930', 3, 223, 0, 0, 1500),
(146, 1, 22, '20200926', 3, 225, 0, 0, 1500),
(147, 5, 14, '20200925', 3, 226, 0, 0, 1500),
(148, 6, 18, '20200926', 2, 227, 0, 0, 0),
(260, 1, 23, '20200929', 0, 396, 0, 0, 0),
(150, 1, 12, '20200926', 0, 229, 0, 0, 0),
(151, 1, 20, '20200928', 3, 232, 0, 0, 1500),
(154, 7, 18, '20200926', 3, 235, 0, 0, 1500),
(155, 4, 17, '20200926', 3, 236, 0, 0, 1500),
(156, 5, 17, '20200926', 3, 237, 0, 0, 1500),
(157, 6, 20, '20200928', 3, 238, 0, 0, 1500),
(173, 1, 15, '20200926', 3, 259, 0, 0, 1500),
(160, 7, 20, '20200928', 3, 241, 0, 0, 1500),
(161, 7, 18, '20200925', 2, 242, 0, 0, 0),
(162, 5, 18, '20200928', 3, 243, 0, 0, 1500),
(174, 5, 22, '20200929', 0, 260, 0, 0, 0),
(164, 7, 18, '20201002', 2, 245, 0, 0, 0),
(165, 4, 22, 'viernes', 0, 246, 1, 0, 0),
(165, 4, 22, '20201002', 3, 247, 1, 0, 1500),
(165, 4, 22, '20200925', 0, 248, 1, 1, 0),
(167, 6, 21, '20200930', 3, 250, 0, 0, 1500),
(333, 4, 21, '20201002', 3, 547, 0, 0, 1500),
(168, 7, 19, '20200928', 3, 252, 0, 0, 1500),
(169, 7, 20, '20200930', 2, 253, 0, 0, 0),
(122, 1, 15, '20200930', 3, 439, 0, 0, 1500),
(75, 7, 21, '20201002', 3, 255, 0, 0, 1500),
(171, 5, 22, '20201002', 3, 256, 0, 0, 1500),
(169, 4, 21, '20200930', 2, 257, 0, 0, 0),
(172, 1, 17, '20200926', 3, 258, 0, 0, 1500),
(175, 1, 16, '20200926', 3, 261, 0, 0, 1500),
(176, 5, 16, '20200926', 3, 262, 0, 0, 1500),
(177, 4, 15, '20200926', 3, 263, 0, 0, 1500),
(178, 5, 22, '20200928', 3, 264, 0, 0, 1500),
(179, 7, 21, '20200926', 3, 265, 0, 0, 1500),
(180, 4, 22, '20200926', 3, 266, 0, 0, 1500),
(181, 4, 16, '20200926', 3, 267, 0, 0, 1500),
(182, 7, 17, '20200926', 3, 268, 0, 0, 1500),
(183, 1, 18, '20200927', 3, 269, 0, 0, 1500),
(184, 4, 15, '20200927', 3, 270, 0, 0, 1500),
(185, 6, 19, '20200926', 2, 271, 0, 0, 0),
(186, 6, 19, '20200928', 3, 272, 0, 0, 1500),
(187, 5, 17, '20200927', 3, 273, 0, 0, 1500),
(188, 5, 20, '20200927', 3, 274, 0, 0, 1500),
(189, 4, 17, '20200927', 3, 275, 0, 0, 1500),
(190, 1, 20, '20200927', 3, 276, 0, 0, 1500),
(191, 4, 20, '20200929', 0, 277, 0, 0, 0),
(192, 6, 22, '20200926', 3, 278, 0, 0, 1500),
(497, 1, 18, '20201010', 3, 881, 1, 0, 1500),
(105, 6, 20, '20201003', 3, 280, 1, 0, 1500),
(181, 1, 16, '20201003', 3, 281, 0, 0, 1500),
(369, 1, 20, '20201003', 3, 622, 0, 0, 1500),
(272, 1, 19, '20200930', 3, 421, 0, 0, 1500),
(193, 1, 17, 'sábado', 0, 284, 1, 0, 0),
(193, 1, 17, '20201003', 2, 285, 1, 0, 0),
(78, 1, 18, '20201003', 3, 286, 0, 0, 1500),
(83, 5, 20, '20201003', 3, 287, 0, 0, 1500),
(83, 7, 20, '20200929', 0, 288, 0, 0, 0),
(39, 5, 19, '20200930', 3, 290, 0, 0, 1500),
(126, 6, 20, '20201002', 3, 291, 0, 0, 1500),
(195, 7, 19, '20200929', 3, 293, 0, 0, 1500),
(196, 6, 20, '20200927', 3, 294, 0, 0, 1500),
(197, 6, 18, '20200928', 3, 295, 0, 0, 1500),
(198, 5, 18, '20200927', 3, 296, 0, 0, 1500),
(199, 4, 20, '20201002', 3, 297, 0, 0, 1500),
(201, 4, 20, '20200927', 3, 299, 0, 0, 1500),
(202, 5, 19, '20200927', 3, 300, 0, 0, 1500),
(203, 1, 19, '20200927', 3, 301, 0, 0, 1500),
(204, 6, 19, '20200930', 3, 302, 0, 0, 1500),
(355, 5, 17, '20201003', 3, 600, 0, 0, 1500),
(321, 1, 21, '20201001', 3, 513, 0, 0, 1500),
(207, 4, 19, '20200927', 3, 305, 0, 0, 1500),
(208, 1, 21, '20200927', 3, 306, 0, 0, 1500),
(209, 5, 21, '20200927', 3, 307, 0, 0, 1500),
(194, 1, 17, '20201004', 3, 308, 0, 0, 1500),
(210, 4, 21, '20200927', 3, 309, 0, 0, 1500),
(246, 5, 18, '20201020', 3, 1357, 0, 0, 1500),
(734, 5, 19, '20201020', 3, 1356, 0, 0, 1500),
(212, 7, 22, '20200928', 3, 312, 0, 0, 1500),
(213, 6, 21, '20200927', 3, 313, 0, 0, 1500),
(214, 4, 22, '20200927', 3, 314, 0, 0, 1500),
(216, 1, 21, 'miércoles', 0, 316, 1, 0, 0),
(216, 1, 21, '20200930', 3, 317, 1, 0, 1500),
(217, 7, 18, '20200928', 3, 318, 0, 0, 1500),
(218, 1, 16, '20200928', 3, 319, 0, 0, 1500),
(219, 5, 22, '20200927', 3, 320, 0, 0, 1500),
(201, 4, 20, '20201004', 3, 321, 0, 0, 1500),
(220, 5, 17, '20200928', 3, 322, 0, 0, 1500),
(223, 7, 19, '20200930', 3, 325, 0, 0, 1500),
(222, 6, 17, '20200928', 3, 324, 0, 0, 1500),
(224, 6, 19, '20201002', 3, 326, 0, 0, 1500),
(332, 7, 21, '20201008', 3, 535, 1, 0, 1500),
(227, 5, 16, '20200928', 3, 331, 0, 0, 1500),
(228, 7, 19, '20201002', 3, 332, 0, 0, 1500),
(229, 1, 19, 'sábado', 0, 333, 1, 0, 0),
(229, 1, 19, '20201003', 3, 334, 1, 0, 1500),
(230, 6, 16, '20200928', 3, 335, 0, 0, 1500),
(232, 4, 22, '20200929', 0, 337, 0, 0, 0),
(233, 7, 22, '20200930', 3, 338, 0, 0, 1500),
(234, 6, 18, '20200930', 3, 339, 0, 0, 1500),
(338, 5, 19, '20201002', 3, 561, 0, 0, 1500),
(236, 7, 21, '20201001', 3, 343, 0, 0, 1500),
(235, 7, 15, '20200929', 3, 342, 0, 0, 1500),
(84, 1, 21, '20201003', 3, 344, 0, 0, 1500),
(237, 6, 21, '20201001', 3, 345, 0, 0, 1500),
(238, 5, 18, '20201003', 2, 346, 0, 0, 0),
(239, 6, 22, '20200929', 0, 347, 0, 0, 0),
(240, 1, 13, '20200929', 3, 348, 0, 0, 1500),
(241, 5, 18, '20200930', 3, 349, 0, 0, 1500),
(242, 6, 22, '20201001', 3, 350, 0, 0, 0),
(97, 4, 19, '20200929', 2, 406, 0, 0, 0),
(244, 4, 19, '20201002', 3, 352, 0, 0, 1500),
(89, 1, 18, '20201005', 3, 353, 0, 0, 1500),
(245, 1, 23, '20200928', 3, 354, 0, 0, 1500),
(246, 1, 18, '20200929', 3, 355, 0, 0, 1500),
(5, 5, 20, '20201007', 3, 359, 1, 0, 1500),
(248, 6, 21, '20201002', 2, 357, 0, 0, 0),
(250, 4, 23, '20200928', 2, 371, 0, 0, 0),
(7, 1, 22, '20201007', 0, 360, 1, 1, 0),
(26, 5, 22, '20201007', 3, 361, 1, 0, 1500),
(35, 1, 20, '20201007', 0, 362, 1, 1, 0),
(216, 1, 21, '20201007', 3, 363, 1, 0, 1500),
(168, 6, 18, '20201002', 3, 364, 0, 0, 1500),
(186, 6, 19, 'lunes', 0, 365, 1, 0, 0),
(186, 6, 19, '20201005', 3, 366, 1, 0, 1500),
(92, 5, 19, '20201005', 3, 367, 0, 0, 1500),
(249, 1, 20, '20200929', 0, 368, 0, 0, 0),
(55, 4, 20, '20201015', 3, 788, 1, 0, 1500),
(102, 5, 21, '20201005', 3, 370, 0, 0, 1500),
(251, 5, 23, '20200929', 0, 372, 0, 0, 0),
(252, 6, 22, 'lunes', 0, 374, 1, 0, 0),
(252, 6, 22, '20201005', 2, 375, 1, 0, 0),
(245, 1, 23, '20201005', 2, 377, 0, 0, 0),
(254, 7, 20, '20201003', 2, 378, 0, 0, 0),
(255, 6, 18, '20200929', 2, 379, 0, 0, 0),
(304, 1, 20, '20201005', 3, 491, 0, 0, 1500),
(226, 4, 20, 'viernes', 0, 530, 1, 0, 0),
(55, 4, 20, '20201008', 3, 383, 1, 0, 1500),
(4, 1, 14, '20201008', 0, 384, 1, 1, 0),
(261, 1, 15, 'jueves', 0, 795, 1, 0, 0),
(455, 1, 22, '20201015', 3, 803, 1, 0, 1500),
(129, 7, 20, '20201008', 3, 387, 1, 0, 1500),
(130, 5, 20, '20201008', 0, 388, 1, 1, 0),
(25, 4, 21, '20201008', 0, 389, 1, 1, 0),
(325, 5, 19, '20201009', 3, 792, 0, 0, 1500),
(449, 5, 21, '20201008', 2, 791, 0, 0, 0),
(258, 5, 18, '20201002', 3, 393, 0, 0, 1500),
(448, 6, 18, '20201009', 3, 790, 0, 0, 1500),
(261, 1, 15, '20201001', 3, 397, 0, 0, 1500),
(262, 4, 20, '20200930', 3, 398, 0, 0, 1500),
(263, 5, 21, '20201003', 3, 399, 0, 0, 1500),
(265, 4, 23, '20200929', 0, 401, 0, 0, 0),
(266, 6, 16, '20200929', 3, 402, 0, 0, 1500),
(267, 1, 15, '20201004', 3, 403, 0, 0, 1500),
(268, 4, 23, '20200930', 3, 404, 0, 0, 1500),
(269, 7, 18, '20200929', 3, 405, 0, 0, 1500),
(270, 1, 19, '20200929', 3, 408, 1, 0, 1500),
(7, 1, 22, '20201006', 3, 409, 1, 0, 1500),
(13, 1, 21, '20201006', 0, 410, 1, 1, 0),
(16, 5, 21, '20201006', 3, 411, 1, 0, 1500),
(17, 5, 20, '20201006', 3, 412, 1, 0, 1500),
(4, 1, 14, '20201006', 0, 413, 1, 1, 0),
(270, 1, 19, '20201006', 3, 414, 1, 0, 1500),
(731, 1, 15, '20201020', 0, 1353, 1, 1, 0),
(246, 1, 18, '20201006', 3, 417, 0, 0, 1500),
(195, 7, 19, '20201006', 3, 721, 0, 0, 0),
(182, 1, 19, '20201007', 2, 420, 0, 0, 0),
(273, 1, 23, '20201002', 3, 422, 0, 0, 1500),
(7, 1, 22, '20201009', 3, 423, 1, 0, 1500),
(44, 1, 21, '20201009', 3, 424, 1, 0, 1500),
(63, 1, 19, '20201009', 3, 425, 1, 0, 1500),
(69, 5, 20, '20201009', 3, 426, 1, 0, 1500),
(71, 1, 20, '20201009', 3, 427, 1, 0, 1500),
(165, 4, 22, '20201009', 3, 428, 1, 0, 1500),
(274, 1, 21, 'viernes', 0, 430, 1, 0, 0),
(274, 5, 21, '20201009', 3, 431, 1, 0, 1500),
(274, 5, 21, '20201002', 0, 432, 1, 1, 0),
(275, 5, 22, 'martes', 0, 434, 1, 0, 0),
(275, 5, 22, '20201006', 3, 435, 1, 0, 1500),
(276, 6, 21, '20201003', 2, 436, 0, 0, 0),
(277, 5, 23, '20200930', 3, 437, 0, 0, 1500),
(278, 5, 15, '20200930', 3, 438, 0, 0, 1500),
(280, 6, 21, '20201009', 3, 442, 0, 0, 1500),
(281, 6, 22, '20200930', 5, 443, 0, 0, 1500),
(282, 6, 19, '20201003', 3, 444, 0, 0, 1500),
(283, 1, 23, '20200930', 2, 445, 0, 0, 0),
(284, 7, 21, '20201003', 2, 446, 0, 0, 0),
(285, 1, 18, '20201002', 3, 447, 0, 0, 1500),
(233, 7, 22, '20201001', 3, 448, 0, 0, 1500),
(287, 7, 19, '20201001', 2, 450, 0, 0, 0),
(288, 6, 15, '20201001', 3, 452, 0, 0, 1500),
(289, 1, 20, '20200930', 3, 453, 0, 0, 1500),
(290, 5, 15, '20201002', 3, 454, 0, 0, 1500),
(7, 1, 22, '20201106', 0, 456, 1, 0, 0),
(63, 1, 19, '20201106', 0, 458, 1, 0, 0),
(647, 5, 20, '20201023', 3, 1168, 1, 0, 1500),
(71, 1, 20, '20201106', 0, 460, 1, 0, 0),
(165, 4, 22, '20201106', 0, 461, 1, 0, 0),
(329, 5, 20, '20201004', 3, 528, 0, 0, 1500),
(631, 2, 20, '20201021', 3, 1134, 0, 0, 1500),
(286, 5, 23, '20201001', 5, 465, 0, 0, 1500),
(291, 6, 23, '20200930', 2, 466, 0, 0, 0),
(5, 5, 20, '20201104', 0, 468, 1, 0, 0),
(7, 1, 22, '20201104', 0, 469, 1, 0, 0),
(26, 5, 22, '20201104', 0, 470, 1, 0, 0),
(35, 1, 20, '20201104', 0, 471, 1, 0, 0),
(216, 1, 21, '20201104', 0, 472, 1, 0, 0),
(135, 7, 18, 'miércoles', 0, 473, 1, 0, 0),
(135, 7, 18, '20201007', 2, 474, 1, 0, 0),
(292, 5, 18, '20201005', 3, 475, 0, 0, 1500),
(293, 6, 20, '20200930', 5, 476, 0, 0, 1500),
(294, 5, 18, '20201001', 3, 477, 0, 0, 1500),
(223, 6, 19, '20201106', 0, 478, 0, 0, 0),
(295, 5, 23, '20201002', 3, 479, 0, 0, 1500),
(296, 7, 18, '20201001', 3, 480, 0, 0, 1500),
(426, 4, 20, '20201006', 3, 729, 0, 0, 1500),
(293, 7, 22, '20201007', 3, 483, 0, 0, 1500),
(299, 5, 19, '20201007', 3, 484, 0, 0, 1500),
(144, 7, 21, '20201007', 2, 485, 0, 0, 0),
(300, 5, 21, '20201001', 3, 486, 0, 0, 1500),
(301, 5, 16, '20201003', 3, 487, 0, 0, 1500),
(302, 7, 22, '20201002', 3, 488, 0, 0, 1500),
(303, 5, 19, '20201001', 3, 489, 0, 0, 1500),
(122, 1, 15, '20201002', 2, 490, 1, 0, 0),
(306, 1, 19, '20201001', 3, 493, 0, 0, 1500),
(316, 1, 17, '20201002', 3, 506, 0, 0, 1500),
(308, 1, 23, '20201001', 3, 495, 0, 0, 1500),
(309, 4, 18, '20201002', 3, 496, 0, 0, 1500),
(55, 4, 20, '20201001', 3, 497, 0, 0, 0),
(310, 1, 23, '20201003', 3, 498, 0, 0, 1500),
(1, 1, 19, '20201008', 3, 499, 1, 0, 1500),
(311, 4, 23, '20201002', 2, 500, 0, 0, 0),
(314, 6, 23, '20201001', 2, 504, 0, 0, 0),
(313, 4, 23, '20201001', 5, 502, 0, 0, 1500),
(261, 1, 15, '20201008', 3, 503, 0, 0, 1500),
(315, 4, 20, '20201003', 3, 505, 0, 0, 1500),
(318, 4, 19, '20201001', 3, 508, 0, 0, 1500),
(319, 1, 19, 'lunes', 0, 509, 1, 0, 0),
(319, 1, 19, '20201005', 3, 510, 1, 0, 1500),
(320, 7, 19, '20201008', 2, 511, 0, 0, 0),
(322, 4, 19, '20201006', 3, 515, 0, 0, 1500),
(323, 1, 21, '20201004', 3, 516, 0, 0, 1500),
(242, 6, 22, '20201006', 2, 517, 0, 0, 0),
(321, 1, 21, 'jueves', 0, 518, 1, 0, 0),
(324, 1, 22, '20201001', 3, 519, 0, 0, 1500),
(321, 1, 21, '20201008', 0, 520, 1, 1, 0),
(326, 4, 22, '20201001', 3, 522, 0, 0, 1500),
(327, 7, 19, '20201003', 3, 523, 0, 0, 1500),
(328, 1, 23, '20201007', 2, 524, 0, 0, 0),
(226, 4, 20, 'miércoles', 0, 526, 1, 0, 0),
(226, 4, 20, '20201007', 3, 527, 1, 0, 1500),
(1, 1, 19, '20201015', 3, 697, 1, 0, 1500),
(332, 7, 21, '20201015', 3, 537, 1, 0, 1500),
(4, 1, 14, '20201015', 0, 539, 1, 1, 0),
(455, 1, 22, '20201008', 3, 802, 1, 0, 1500),
(129, 7, 20, '20201015', 0, 542, 1, 1, 0),
(130, 5, 20, '20201015', 3, 543, 1, 0, 1500),
(25, 4, 21, '20201015', 0, 544, 1, 1, 0),
(321, 1, 21, '20201015', 0, 546, 1, 1, 0),
(334, 5, 21, '20201007', 2, 548, 0, 0, 0),
(335, 1, 18, '20201004', 3, 549, 0, 0, 1500),
(336, 7, 19, '20201005', 3, 550, 0, 0, 1500),
(7, 1, 22, '20201127', 0, 551, 1, 0, 0),
(63, 1, 19, '20201127', 0, 553, 1, 0, 0),
(69, 2, 20, '20201016', 3, 1164, 1, 0, 1500),
(71, 1, 20, '20201127', 0, 555, 1, 0, 0),
(165, 4, 22, '20201127', 0, 556, 1, 0, 0),
(226, 4, 20, '20201127', 0, 557, 1, 0, 0),
(644, 5, 22, '20201017', 3, 1162, 0, 0, 1500),
(478, 1, 23, '20201009', 3, 843, 0, 0, 1500),
(337, 5, 18, '20201006', 3, 560, 0, 0, 1500),
(434, 7, 18, '20201009', 3, 747, 0, 0, 1500),
(340, 6, 17, '20201003', 3, 563, 0, 0, 1500),
(342, 6, 18, '20201003', 2, 567, 0, 0, 0),
(341, 4, 19, '20201003', 2, 565, 0, 0, 0),
(340, 6, 19, '20201007', 3, 566, 0, 0, 1500),
(343, 4, 21, '20201005', 3, 568, 0, 0, 1500),
(168, 7, 20, '20201009', 3, 569, 0, 0, 1500),
(229, 7, 19, 'viernes', 0, 570, 1, 0, 0),
(229, 7, 19, '20201009', 3, 571, 1, 0, 1500),
(224, 6, 19, '20201009', 3, 572, 0, 0, 1500),
(244, 4, 19, '20201009', 3, 573, 0, 0, 1500),
(338, 5, 18, '20201009', 3, 574, 0, 0, 1500),
(7, 1, 22, '20201016', 3, 575, 1, 0, 1500),
(63, 1, 19, '20201016', 3, 577, 1, 0, 1500),
(69, 5, 20, '20201016', 0, 578, 1, 1, 0),
(71, 1, 20, '20201016', 3, 579, 1, 0, 1500),
(165, 4, 22, '20201016', 0, 580, 1, 1, 0),
(226, 4, 20, '20201016', 3, 581, 1, 0, 1500),
(274, 1, 21, '20201016', 3, 582, 1, 0, 1500),
(451, 1, 15, '20201016', 3, 842, 0, 0, 1500),
(229, 7, 19, '20201016', 3, 584, 1, 0, 1500),
(126, 6, 20, '20201009', 3, 585, 0, 0, 1200),
(199, 4, 21, '20201009', 3, 586, 0, 0, 1500),
(508, 5, 20, 'sábado', 0, 899, 1, 0, 0),
(344, 7, 21, '20201006', 3, 588, 0, 0, 1500),
(345, 7, 23, '20201002', 3, 589, 0, 0, 1500),
(171, 5, 22, '20201009', 3, 590, 0, 0, 1500),
(346, 6, 21, '20201007', 3, 591, 0, 0, 1500),
(347, 5, 19, '20201003', 3, 592, 0, 0, 1500),
(349, 1, 22, '20201003', 3, 594, 0, 0, 1500),
(350, 4, 19, '20201008', 3, 595, 0, 0, 1500),
(351, 4, 18, '20201003', 3, 596, 0, 0, 1500),
(352, 7, 18, '20201003', 3, 597, 0, 0, 1500),
(353, 5, 22, '20201003', 3, 598, 0, 0, 1500),
(354, 5, 18, '20201004', 3, 599, 0, 0, 1500),
(356, 4, 16, '20201003', 3, 601, 0, 0, 1500),
(367, 5, 23, '20201003', 3, 620, 0, 0, 1500),
(358, 4, 22, '20201003', 3, 603, 0, 0, 1500),
(359, 1, 20, '20201004', 3, 604, 0, 0, 1500),
(360, 6, 20, '20201004', 2, 605, 0, 0, 0),
(361, 5, 21, '20201004', 3, 606, 0, 0, 1500),
(105, 6, 20, '20201010', 3, 608, 1, 0, 1500),
(193, 1, 17, '20201010', 0, 609, 1, 1, 0),
(229, 1, 19, '20201010', 3, 610, 1, 0, 1500),
(362, 1, 20, '20201008', 3, 647, 0, 0, 1500),
(356, 4, 16, '20201010', 3, 612, 0, 0, 1500),
(497, 1, 18, 'sábado', 0, 880, 1, 0, 0),
(364, 6, 19, 'sábado', 0, 616, 1, 0, 0),
(364, 6, 19, '20201010', 0, 617, 1, 1, 0),
(365, 4, 19, '20201007', 3, 618, 0, 0, 1500),
(366, 5, 19, '20201004', 3, 619, 0, 0, 1500),
(424, 1, 21, '20201006', 3, 731, 0, 0, 1500),
(301, 4, 21, '20201007', 3, 623, 0, 0, 1500),
(370, 4, 16, '20201004', 3, 624, 0, 0, 1500),
(371, 6, 17, '20201010', 3, 625, 0, 0, 1500),
(372, 5, 15, '20201004', 3, 626, 0, 0, 1500),
(373, 1, 23, '20201006', 3, 627, 0, 0, 1500),
(395, 7, 21, '20201005', 3, 669, 0, 0, 1500),
(375, 1, 19, '20201004', 3, 629, 0, 0, 1500),
(376, 4, 21, '20201004', 3, 630, 0, 0, 1500),
(377, 4, 18, '20201004', 3, 631, 0, 0, 1500),
(378, 5, 16, '20201004', 3, 632, 0, 0, 1500),
(379, 4, 19, '20201004', 3, 634, 0, 0, 1500),
(194, 1, 17, '20201011', 3, 635, 0, 0, 1500),
(439, 7, 19, '20201014', 3, 774, 0, 0, 1500),
(375, 7, 18, '20201011', 3, 637, 0, 0, 1500),
(201, 4, 16, '20201011', 3, 639, 0, 0, 1500),
(382, 6, 17, '20201005', 3, 640, 0, 0, 1500),
(383, 1, 22, '20201005', 3, 662, 0, 0, 1500),
(376, 4, 21, '20201011', 3, 642, 0, 0, 1500),
(323, 5, 21, '20201011', 3, 643, 0, 0, 1500),
(384, 1, 20, '20201006', 3, 644, 0, 0, 1500),
(386, 6, 20, '20201008', 2, 648, 0, 0, 0),
(420, 5, 23, '20201006', 2, 715, 0, 0, 0),
(5, 5, 20, '20201014', 3, 650, 1, 0, 1500),
(7, 1, 22, '20201014', 0, 651, 1, 1, 0),
(26, 5, 22, '20201014', 0, 652, 1, 1, 0),
(35, 1, 20, '20201014', 0, 653, 1, 1, 0),
(216, 1, 21, '20201014', 3, 654, 1, 0, 1500),
(135, 7, 18, '20201014', 2, 655, 1, 0, 0),
(226, 4, 20, '20201014', 3, 656, 1, 0, 1500),
(388, 7, 20, '20201014', 3, 657, 0, 0, 1500),
(389, 1, 18, '20201007', 3, 658, 0, 0, 1500),
(390, 5, 22, '20201005', 3, 663, 0, 0, 1500),
(391, 6, 18, '20201014', 3, 664, 0, 0, 1500),
(418, 6, 20, '20201006', 2, 713, 0, 0, 0),
(374, 7, 17, '20201005', 3, 668, 0, 0, 1500),
(396, 4, 23, '20201005', 3, 670, 0, 0, 1500),
(397, 6, 18, '20201006', 3, 671, 0, 0, 1500),
(304, 1, 20, '20201012', 3, 681, 0, 0, 1500),
(392, 4, 20, '20201005', 3, 673, 0, 0, 1500),
(22, 1, 21, '20201012', 3, 674, 1, 0, 1500),
(186, 6, 19, '20201012', 3, 675, 1, 0, 1500),
(252, 6, 22, '20201012', 0, 676, 1, 1, 0),
(319, 1, 19, '20201012', 3, 677, 1, 0, 1500),
(89, 1, 18, '20201012', 3, 678, 0, 0, 1500),
(399, 1, 21, '20201010', 3, 679, 0, 0, 1500),
(400, 6, 18, '20201007', 3, 680, 0, 0, 1500),
(555, 7, 22, '20201013', 3, 964, 0, 0, 1500),
(102, 5, 21, '20201012', 3, 684, 0, 0, 1500),
(343, 4, 21, '20201012', 2, 685, 0, 0, 0),
(402, 3, 18, '20201009', 3, 686, 0, 0, 1500),
(403, 7, 22, '20201006', 2, 687, 0, 0, 0),
(404, 4, 23, '20201006', 3, 688, 0, 0, 1500),
(405, 7, 20, '20201007', 2, 689, 0, 0, 0),
(406, 4, 20, 'lunes', 0, 690, 1, 0, 0),
(406, 4, 20, '20201012', 3, 691, 1, 0, 1500),
(407, 4, 22, '20201006', 3, 692, 0, 0, 1500),
(408, 1, 20, '20201011', 2, 693, 0, 0, 0),
(409, 7, 22, '20201009', 3, 694, 0, 0, 1500),
(415, 5, 22, '20201008', 3, 710, 0, 0, 1500),
(417, 1, 20, '20201007', 3, 712, 0, 0, 1500),
(446, 5, 19, '20201008', 3, 787, 0, 0, 1500),
(414, 5, 19, '20201006', 3, 700, 0, 0, 1500),
(7, 1, 22, '20201013', 3, 701, 1, 0, 1500),
(13, 1, 21, '20201013', 0, 702, 1, 1, 0),
(16, 5, 21, '20201013', 3, 703, 1, 0, 1500),
(17, 5, 20, '20201013', 3, 704, 1, 0, 1500),
(4, 1, 14, '20201013', 0, 705, 1, 1, 0),
(270, 1, 19, '20201013', 0, 706, 1, 1, 0),
(730, 5, 22, '20201020', 3, 1350, 0, 0, 1500),
(211, 6, 20, '20201013', 2, 708, 1, 0, 0),
(275, 5, 22, '20201013', 2, 709, 1, 0, 0),
(416, 5, 18, '20201010', 3, 711, 0, 0, 1500),
(419, 6, 21, '20201006', 3, 714, 0, 0, 1500),
(246, 1, 18, 'martes', 0, 716, 1, 0, 0),
(246, 1, 18, '20201013', 3, 717, 1, 0, 1500),
(421, 6, 23, '20201006', 3, 718, 0, 0, 1500),
(422, 7, 23, '20201006', 3, 719, 0, 0, 1500),
(423, 7, 19, '20201007', 3, 720, 0, 0, 1500),
(337, 6, 19, '20201013', 3, 722, 0, 0, 1500),
(570, 6, 21, '20201015', 3, 1004, 0, 0, 1500),
(550, 7, 21, 'martes', 0, 957, 1, 0, 0),
(322, 4, 19, '20201013', 3, 730, 0, 0, 1500),
(418, 3, 20, '20201013', 3, 732, 0, 0, 1500),
(427, 7, 20, '20201013', 2, 733, 0, 0, 0),
(407, 4, 22, '20201013', 3, 734, 0, 0, 1500),
(469, 5, 17, '20201012', 3, 882, 0, 0, 1500),
(430, 4, 18, '20201007', 3, 737, 0, 0, 1500),
(431, 5, 19, 'miércoles', 0, 738, 1, 0, 0),
(431, 5, 19, '20201014', 3, 739, 1, 0, 1500),
(431, 5, 18, '20201007', 3, 740, 1, 0, 1500),
(492, 7, 17, '20201010', 3, 867, 0, 0, 1500),
(122, 5, 15, '20201007', 3, 742, 0, 0, 1500),
(469, 1, 14, '20201010', 3, 831, 0, 0, 1500),
(521, 5, 22, '20201014', 3, 916, 0, 0, 1500),
(435, 6, 22, '20201009', 3, 748, 0, 0, 1500),
(5, 5, 20, '20201021', 3, 749, 1, 0, 1500),
(7, 1, 22, '20201021', 0, 750, 1, 1, 0),
(26, 5, 22, '20201021', 3, 751, 1, 0, 1500),
(35, 1, 20, '20201021', 0, 752, 1, 1, 0),
(216, 1, 21, '20201021', 3, 753, 1, 0, 1500),
(135, 7, 18, '20201021', 2, 754, 1, 0, 0),
(226, 4, 20, '20201021', 3, 755, 1, 0, 1500),
(431, 5, 19, '20201021', 3, 756, 1, 0, 1500),
(455, 1, 22, 'jueves', 0, 801, 1, 0, 0),
(431, 5, 19, '20201007', 0, 758, 1, 1, 0),
(436, 5, 18, '20201008', 3, 759, 0, 0, 1500),
(437, 7, 18, '20201008', 3, 760, 0, 0, 1500),
(5, 5, 20, '20201125', 0, 761, 1, 0, 0),
(7, 1, 22, '20201125', 0, 762, 1, 0, 0),
(26, 5, 22, '20201125', 0, 763, 1, 0, 0),
(35, 1, 20, '20201125', 0, 764, 1, 0, 0),
(216, 1, 21, '20201125', 0, 765, 1, 0, 0),
(135, 7, 18, '20201125', 0, 766, 1, 0, 0),
(226, 4, 20, '20201125', 0, 767, 1, 0, 0),
(431, 5, 19, '20201125', 0, 768, 1, 0, 0),
(261, 1, 15, '20201015', 0, 800, 1, 1, 0),
(438, 5, 21, 'miércoles', 0, 770, 1, 0, 0),
(438, 5, 21, '20201014', 3, 771, 1, 0, 1500),
(365, 4, 19, '20201014', 3, 772, 0, 0, 1500),
(587, 2, 21, '20201014', 3, 1048, 0, 0, 1500),
(299, 1, 19, '20201014', 3, 776, 0, 0, 1500),
(442, 5, 20, '20201010', 3, 780, 0, 0, 1500),
(144, 1, 21, '20201008', 3, 781, 0, 0, 1500),
(443, 1, 20, 'jueves', 0, 782, 1, 0, 0),
(443, 1, 20, '20201015', 0, 783, 1, 1, 0),
(443, 1, 20, '20201008', 0, 784, 1, 1, 0),
(444, 5, 15, '20201010', 3, 785, 0, 0, 1500),
(453, 1, 1, '20201008', 3, 798, 0, 0, 1500),
(459, 5, 23, '20201016', 2, 808, 0, 0, 0),
(618, 6, 19, '20201015', 3, 1119, 0, 0, 1500),
(786, 4, 19, '20201022', 3, 1475, 0, 0, 1500),
(350, 4, 19, '20201015', 3, 811, 0, 0, 1500),
(614, 4, 21, '20201015', 3, 1115, 0, 0, 1500),
(460, 3, 22, '20201009', 3, 813, 0, 0, 1500),
(144, 5, 21, '20201015', 3, 814, 0, 0, 1500),
(462, 4, 21, 'martes', 0, 816, 1, 0, 0),
(462, 4, 21, '20201013', 3, 817, 1, 0, 1500),
(463, 1, 16, '20201010', 3, 818, 0, 0, 1500),
(464, 3, 20, '20201009', 3, 819, 0, 0, 1500),
(465, 3, 19, '20201009', 3, 820, 0, 0, 1500),
(466, 6, 16, '20201011', 8, 821, 0, 0, 0),
(524, 1, 18, '20201011', 3, 919, 0, 0, 1500),
(466, 6, 17, '20201011', 8, 823, 0, 0, 0),
(466, 7, 17, '20201011', 8, 824, 0, 0, 0),
(466, 6, 18, '20201011', 8, 825, 0, 0, 0),
(518, 3, 19, '20201011', 3, 913, 0, 0, 1500),
(468, 6, 20, 'jueves', 0, 828, 1, 0, 0),
(468, 6, 20, '20201015', 3, 829, 1, 0, 1500),
(477, 2, 18, '20201009', 3, 841, 0, 0, 1500),
(475, 4, 21, 'viernes', 0, 837, 1, 0, 0),
(472, 7, 21, '20201009', 3, 834, 0, 0, 1500),
(473, 4, 22, '20201010', 3, 835, 0, 0, 1500),
(474, 3, 21, '20201009', 3, 836, 0, 0, 1500),
(475, 4, 21, '20201009', 0, 839, 1, 1, 0),
(476, 1, 17, '20201009', 3, 840, 0, 0, 1500),
(456, 4, 18, '20201016', 3, 844, 0, 0, 1500),
(338, 5, 18, '20201016', 3, 845, 0, 0, 1500),
(479, 6, 20, 'miércoles', 0, 846, 1, 0, 0),
(479, 6, 20, '20201014', 3, 847, 1, 0, 1500),
(480, 3, 18, '20201010', 3, 848, 0, 0, 1500),
(530, 4, 20, '20201011', 3, 928, 0, 0, 1500),
(75, 7, 21, '20201016', 3, 850, 0, 0, 1500),
(482, 2, 21, '20201009', 3, 851, 0, 0, 1500),
(620, 1, 18, '20201022', 2, 1135, 0, 0, 0),
(484, 4, 21, '20201010', 3, 853, 0, 0, 1500),
(649, 5, 20, '20201016', 3, 1170, 0, 0, 1500),
(495, 3, 20, '20201010', 3, 877, 0, 0, 1500),
(647, 5, 20, 'viernes', 0, 1167, 1, 0, 0),
(126, 3, 20, '20201016', 3, 1205, 0, 0, 1500),
(7, 1, 22, '20201030', 0, 1171, 1, 0, 0),
(199, 6, 21, '20201016', 3, 861, 0, 0, 1500),
(487, 6, 19, '20201011', 3, 862, 0, 0, 1500),
(488, 1, 20, '20201010', 3, 863, 0, 0, 1500),
(490, 6, 21, '20201010', 3, 865, 0, 0, 1500),
(491, 5, 19, '20201010', 3, 866, 0, 0, 1350),
(493, 3, 17, '20201010', 3, 868, 0, 0, 1500),
(494, 5, 21, '20201010', 3, 869, 0, 0, 1500),
(105, 6, 20, '20201017', 3, 871, 1, 0, 1500),
(193, 1, 17, '20201017', 3, 872, 1, 0, 1500),
(229, 1, 19, '20201017', 3, 873, 1, 0, 1500),
(364, 6, 19, '20201017', 0, 874, 1, 1, 0),
(672, 5, 17, '20201024', 3, 1243, 0, 0, 1500),
(497, 1, 18, '20201017', 3, 884, 1, 0, 1500),
(416, 5, 18, '20201017', 3, 894, 0, 0, 1500),
(499, 4, 19, '20201010', 3, 887, 0, 0, 1500),
(500, 4, 20, '20201010', 3, 888, 0, 0, 1500),
(501, 5, 17, '20201010', 3, 889, 0, 0, 1500),
(463, 1, 16, '20201017', 3, 890, 0, 0, 1500),
(502, 3, 17, '20201011', 3, 891, 0, 0, 1500),
(553, 3, 19, '20201014', 3, 961, 0, 0, 1500),
(504, 5, 18, '20201014', 3, 893, 0, 0, 1500),
(505, 1, 22, '20201010', 3, 895, 0, 0, 1500),
(454, 1, 23, '20201011', 3, 896, 0, 0, 1500),
(507, 7, 21, '20201010', 3, 898, 0, 0, 1500),
(508, 5, 20, '20201017', 2, 900, 1, 0, 0),
(509, 2, 20, '20201010', 3, 901, 0, 0, 1500),
(511, 7, 20, '20201010', 2, 903, 0, 0, 0),
(512, 4, 17, '20201011', 3, 904, 0, 0, 1500),
(746, 4, 23, '20201020', 3, 1373, 0, 0, 1500),
(500, 4, 20, '20201017', 3, 906, 0, 0, 1500),
(514, 5, 20, '20201012', 3, 907, 0, 0, 1500),
(442, 1, 20, '20201017', 3, 908, 0, 0, 1500),
(515, 3, 22, '20201010', 2, 909, 0, 0, 0),
(495, 4, 21, '20201017', 3, 910, 0, 0, 1500),
(516, 6, 22, '20201010', 3, 911, 0, 0, 1500),
(517, 5, 15, '20201011', 3, 912, 0, 0, 1500),
(519, 5, 18, '20201011', 3, 914, 0, 0, 1500),
(520, 5, 15, '20201014', 3, 915, 0, 0, 1500),
(523, 5, 20, '20201011', 3, 918, 0, 0, 1500),
(525, 5, 19, '20201012', 3, 920, 0, 0, 1500),
(527, 5, 16, 'domingo', 0, 922, 1, 0, 0),
(527, 5, 16, '20201011', 3, 923, 1, 0, 1350),
(528, 5, 19, '20201011', 3, 924, 0, 0, 1500),
(529, 1, 23, '20201014', 3, 925, 0, 0, 1500),
(527, 5, 16, '20201018', 0, 926, 1, 1, 0),
(531, 1, 21, '20201011', 3, 929, 0, 0, 1500),
(532, 4, 17, '20201018', 3, 930, 0, 0, 1500),
(375, 1, 18, '20201018', 2, 931, 0, 0, 0),
(304, 1, 20, '20201019', 3, 976, 0, 0, 1500),
(543, 4, 22, '20201012', 3, 949, 0, 0, 1500),
(535, 4, 21, '20201014', 3, 934, 0, 0, 1500),
(487, 6, 20, '20201018', 2, 935, 0, 0, 0),
(536, 3, 18, '20201015', 3, 936, 0, 0, 1500),
(537, 3, 20, '20201017', 3, 937, 0, 0, 1500),
(538, 4, 21, 'miércoles', 0, 938, 1, 0, 0),
(538, 6, 21, '20201014', 3, 939, 1, 0, 1500),
(586, 3, 21, '20201014', 3, 1047, 0, 0, 1350),
(323, 5, 21, '20201025', 0, 1273, 0, 0, 0),
(539, 1, 22, 'lunes', 0, 943, 1, 0, 0),
(539, 1, 22, '20201012', 3, 944, 1, 0, 1500),
(540, 3, 19, '20201012', 3, 945, 0, 0, 1500),
(542, 1, 23, '20201013', 3, 947, 0, 0, 1500),
(533, 3, 19, '20201017', 3, 948, 0, 0, 1500),
(102, 5, 21, '20201019', 3, 981, 0, 0, 1500),
(546, 3, 20, '20201012', 3, 952, 0, 0, 1500),
(552, 3, 22, '20201013', 3, 960, 0, 0, 1500),
(550, 7, 21, '20201013', 3, 958, 1, 0, 1500),
(551, 6, 21, '20201012', 3, 959, 0, 0, 1500),
(305, 7, 20, '20201012', 3, 962, 0, 0, 1500),
(22, 1, 21, '20201019', 3, 965, 1, 0, 1500),
(186, 6, 19, '20201019', 2, 966, 1, 0, 0),
(252, 6, 22, '20201019', 2, 967, 1, 0, 0),
(319, 1, 19, '20201019', 0, 968, 1, 1, 0),
(406, 4, 20, '20201019', 3, 969, 1, 0, 1500),
(539, 1, 22, '20201019', 3, 970, 1, 0, 1500),
(89, 1, 18, '20201019', 3, 971, 0, 0, 1500),
(556, 7, 21, '20201012', 3, 972, 0, 0, 1500),
(659, 5, 19, 'viernes', 0, 1196, 1, 0, 0),
(559, 3, 21, '20201015', 3, 975, 0, 0, 1500),
(514, 5, 20, '20201019', 3, 977, 0, 0, 1500),
(560, 7, 20, '20201017', 3, 978, 0, 0, 1500),
(561, 3, 19, '20201015', 2, 979, 0, 0, 0),
(554, 6, 22, '20201012', 3, 980, 0, 0, 1500),
(572, 4, 19, '20201016', 3, 1006, 0, 0, 1350),
(452, 5, 22, '20201019', 2, 983, 0, 0, 0),
(563, 6, 20, '20201016', 3, 984, 0, 0, 1500),
(564, 4, 20, '20201013', 3, 985, 0, 0, 1500),
(565, 3, 20, '20201014', 3, 986, 0, 0, 1500),
(566, 3, 21, '20201013', 3, 987, 0, 0, 1500),
(567, 1, 18, '20201016', 3, 988, 0, 0, 1350),
(569, 4, 22, '20201015', 3, 990, 0, 0, 1500),
(7, 1, 22, '20201020', 3, 991, 1, 0, 1500),
(13, 1, 21, '20201020', 3, 992, 1, 0, 1500),
(16, 5, 21, '20201020', 3, 993, 1, 0, 1500),
(17, 5, 20, '20201020', 3, 994, 1, 0, 1500),
(4, 1, 14, '20201020', 0, 995, 1, 1, 0),
(270, 1, 19, '20201020', 3, 996, 1, 0, 1500),
(275, 5, 22, '20201020', 0, 999, 1, 1, 0),
(246, 1, 18, '20201020', 0, 1000, 1, 1, 0),
(550, 7, 21, '20201020', 3, 1001, 1, 0, 1500),
(462, 4, 21, '20201020', 3, 1002, 1, 0, 1500),
(726, 1, 17, '20201023', 3, 1346, 0, 0, 1500),
(571, 1, 19, '20201013', 3, 1005, 0, 0, 1500),
(573, 5, 15, '20201017', 3, 1008, 0, 0, 1500),
(573, 2, 18, '20201017', 3, 1009, 0, 0, 1500),
(489, 5, 16, '20201015', 3, 1010, 0, 0, 1500),
(575, 5, 19, '20201016', 3, 1012, 0, 0, 1500),
(577, 6, 22, '20201013', 3, 1014, 0, 0, 1500),
(246, 5, 18, 'martes', 0, 1015, 1, 0, 0),
(246, 5, 18, '20201020', 0, 1016, 1, 1, 0),
(246, 5, 18, '20201013', 0, 1017, 1, 1, 0),
(645, 2, 20, '20201017', 3, 1163, 0, 0, 1500),
(733, 6, 21, '20201021', 3, 1355, 0, 0, 1500),
(568, 7, 19, '20201017', 3, 1020, 0, 0, 1500),
(579, 5, 19, '20201015', 3, 1022, 0, 0, 1500),
(418, 4, 20, '20201020', 3, 1025, 0, 0, 1500),
(580, 5, 23, '20201013', 3, 1027, 0, 0, 1200),
(581, 4, 22, '20201014', 3, 1028, 0, 0, 1500),
(582, 1, 20, 'martes', 0, 1029, 1, 0, 0),
(582, 1, 20, '20201020', 3, 1030, 1, 0, 1500),
(105, 6, 20, '20201024', 3, 1031, 1, 0, 1500),
(193, 1, 17, '20201024', 3, 1032, 1, 0, 1500),
(229, 1, 19, '20201024', 3, 1033, 1, 0, 1500),
(508, 5, 20, '20201024', 3, 1034, 1, 0, 1500),
(497, 1, 18, '20201024', 0, 1035, 1, 1, 0),
(364, 6, 19, '20201024', 0, 1036, 1, 1, 0),
(438, 5, 21, '20201021', 3, 1038, 1, 0, 1500),
(479, 6, 20, '20201021', 3, 1039, 1, 0, 1500),
(538, 4, 21, '20201021', 3, 1040, 1, 0, 1500),
(583, 1, 20, 'sábado', 0, 1041, 1, 0, 0),
(583, 1, 20, '20201024', 0, 1042, 1, 1, 0),
(583, 1, 20, '20201017', 0, 1043, 1, 1, 0),
(583, 1, 21, '20201017', 3, 1044, 0, 0, 1500),
(584, 1, 20, '20201014', 3, 1045, 0, 0, 1500),
(585, 3, 22, '20201014', 3, 1046, 0, 0, 1500),
(588, 2, 20, '20201015', 3, 1049, 0, 0, 1500),
(589, 5, 16, '20201016', 3, 1050, 0, 0, 1500),
(590, 2, 20, '20201014', 3, 1051, 0, 0, 1500),
(591, 5, 22, '20201016', 3, 1052, 0, 0, 1500),
(463, 4, 16, '20201017', 3, 1242, 1, 0, 1500),
(593, 2, 21, '20201015', 3, 1054, 0, 0, 1500),
(594, 2, 19, '20201015', 3, 1055, 0, 0, 1500),
(595, 2, 22, '20201015', 3, 1056, 0, 0, 1500),
(596, 2, 19, '20201016', 3, 1057, 0, 0, 1500),
(520, 5, 15, 'miércoles', 0, 1058, 1, 0, 0),
(597, 1, 15, 'miércoles', 0, 1059, 1, 0, 0),
(597, 1, 15, '20201014', 0, 1060, 1, 1, 0),
(598, 4, 19, 'martes', 0, 1061, 1, 0, 0),
(598, 4, 19, '20201020', 3, 1062, 1, 0, 1500),
(599, 3, 21, '20201020', 3, 1063, 0, 0, 1500),
(601, 2, 19, '20201020', 3, 1065, 0, 0, 1500),
(602, 5, 22, '20201015', 3, 1066, 0, 0, 1500),
(603, 6, 16, '20201015', 3, 1067, 0, 0, 1500),
(520, 5, 15, '20201021', 3, 1068, 1, 0, 1500),
(597, 1, 15, '20201021', 3, 1069, 1, 0, 1500),
(299, 1, 19, '20201021', 3, 1070, 0, 0, 1500),
(365, 4, 19, '20201021', 3, 1071, 0, 0, 1500),
(604, 6, 22, '20201014', 3, 1073, 0, 0, 1500),
(1, 1, 19, '20201022', 3, 1075, 1, 0, 1500),
(332, 7, 21, '20201022', 0, 1076, 1, 1, 0),
(55, 4, 20, '20201022', 3, 1077, 1, 0, 1500),
(4, 1, 14, '20201022', 0, 1078, 1, 1, 0),
(129, 7, 20, '20201022', 2, 1079, 1, 0, 0),
(130, 5, 20, '20201022', 3, 1080, 1, 0, 1500),
(25, 4, 21, '20201022', 0, 1081, 1, 1, 0),
(261, 1, 15, '20201022', 0, 1082, 1, 1, 0),
(321, 1, 21, '20201022', 0, 1083, 1, 1, 0),
(455, 1, 22, '20201022', 3, 1084, 1, 0, 1500),
(443, 1, 20, '20201022', 3, 1085, 1, 0, 1500),
(468, 6, 20, '20201022', 3, 1086, 1, 0, 1500),
(7, 1, 22, '20201023', 3, 1087, 1, 0, 1500),
(63, 1, 19, '20201023', 3, 1089, 1, 0, 1500),
(69, 2, 20, '20201023', 3, 1090, 1, 0, 1500),
(71, 1, 20, '20201023', 3, 1091, 1, 0, 1500),
(165, 4, 22, '20201023', 3, 1092, 1, 0, 1500),
(226, 4, 20, '20201023', 3, 1093, 1, 0, 1500),
(229, 7, 19, '20201023', 3, 1095, 1, 0, 1500),
(475, 4, 21, '20201023', 3, 1096, 1, 0, 1500),
(527, 5, 16, '20201025', 0, 1097, 1, 0, 0),
(605, 3, 22, '20201016', 3, 1098, 0, 0, 1500),
(388, 7, 20, '20201021', 3, 1099, 0, 0, 1500),
(529, 1, 23, '20201021', 3, 1110, 0, 0, 1500),
(607, 3, 20, 'miércoles', 0, 1101, 1, 0, 0),
(607, 3, 20, '20201021', 0, 1102, 1, 1, 0),
(581, 4, 22, 'miércoles', 0, 1104, 1, 0, 0),
(600, 5, 23, '20201014', 3, 1105, 0, 0, 1500),
(581, 4, 22, '20201021', 0, 1106, 1, 1, 0),
(126, 7, 20, '20201016', 3, 1204, 0, 0, 1500),
(609, 6, 22, '20201016', 3, 1108, 0, 0, 1500),
(611, 6, 22, '20201015', 3, 1111, 0, 0, 1500),
(612, 2, 21, '20201016', 3, 1112, 0, 0, 1500),
(659, 6, 19, '20201023', 3, 1209, 1, 0, 1500),
(615, 3, 22, '20201015', 3, 1116, 0, 0, 1500),
(616, 1, 17, '20201015', 3, 1117, 0, 0, 1500),
(617, 2, 22, '20201016', 3, 1118, 0, 0, 1500),
(619, 1, 14, '20201017', 3, 1120, 0, 0, 1500),
(620, 1, 18, '20201015', 3, 1121, 0, 0, 1500),
(621, 1, 23, '20201015', 3, 1122, 0, 0, 1500),
(683, 7, 19, '20201022', 3, 1263, 0, 0, 1500),
(624, 1, 21, '20201015', 3, 1125, 0, 0, 1500),
(650, 3, 19, '20201016', 3, 1181, 0, 0, 1500),
(626, 7, 22, '20201016', 2, 1127, 0, 0, 0),
(627, 7, 22, '20201015', 3, 1128, 0, 0, 1500),
(628, 6, 18, '20201016', 3, 1129, 0, 0, 1500),
(629, 7, 20, '20201015', 3, 1130, 0, 0, 1500),
(44, 1, 23, '20201016', 2, 1131, 0, 0, 0),
(744, 3, 19, '20201020', 3, 1370, 0, 0, 1500),
(633, 5, 16, '20201017', 3, 1137, 0, 0, 1500),
(791, 6, 21, '20201023', 3, 1484, 0, 0, 1500),
(634, 2, 20, '20201020', 3, 1139, 0, 0, 1500),
(790, 2, 19, '20201029', 0, 1483, 0, 0, 0),
(635, 3, 19, '20201021', 3, 1143, 0, 0, 1500),
(274, 1, 21, '20201023', 3, 1144, 1, 0, 1500),
(642, 7, 18, '20201016', 3, 1160, 0, 0, 1500),
(629, 5, 19, '20201022', 3, 1146, 0, 0, 1500),
(636, 4, 20, '20201025', 0, 1147, 0, 0, 0),
(637, 4, 18, '20201017', 3, 1148, 0, 0, 1500),
(144, 5, 21, '20201022', 3, 1149, 0, 0, 1500),
(668, 3, 17, '20201017', 3, 1231, 0, 0, 1500),
(787, 6, 21, '20201022', 2, 1477, 0, 0, 0),
(639, 2, 18, '20201016', 3, 1152, 0, 0, 1500),
(602, 3, 21, '20201022', 2, 1153, 0, 0, 0),
(640, 4, 22, 'jueves', 0, 1154, 1, 0, 0),
(640, 4, 22, '20201022', 0, 1155, 1, 1, 0),
(615, 2, 21, '20201022', 3, 1157, 0, 0, 1500),
(611, 6, 22, '20201021', 3, 1158, 0, 0, 1500),
(63, 1, 19, '20201030', 0, 1172, 1, 0, 0),
(69, 2, 20, '20201030', 0, 1173, 1, 0, 0),
(71, 1, 20, '20201030', 0, 1174, 1, 0, 0),
(165, 4, 22, '20201030', 0, 1175, 1, 0, 0),
(226, 4, 20, '20201030', 0, 1176, 1, 0, 0),
(274, 1, 21, '20201030', 0, 1177, 1, 0, 0),
(229, 7, 19, '20201030', 0, 1178, 1, 0, 0),
(475, 4, 21, '20201030', 0, 1179, 1, 0, 0),
(647, 5, 20, '20201030', 0, 1180, 1, 0, 0),
(655, 2, 20, '20201022', 3, 1188, 0, 0, 1500),
(652, 4, 16, '20201016', 3, 1183, 0, 0, 1500),
(653, 6, 21, '20201020', 3, 1184, 0, 0, 1500),
(654, 5, 21, '20201016', 3, 1185, 0, 0, 1500),
(805, 1, 14, 'viernes', 0, 1517, 1, 0, 0),
(581, 5, 22, '20201022', 3, 1189, 0, 0, 1500),
(656, 3, 21, '20201016', 3, 1190, 0, 0, 1500),
(778, 5, 17, '20201023', 3, 1466, 0, 0, 1500),
(567, 7, 18, '20201023', 3, 1192, 0, 0, 1500),
(658, 3, 18, '20201016', 3, 1193, 0, 0, 1500),
(338, 5, 18, '20201023', 3, 1194, 0, 0, 1500),
(456, 4, 18, '20201023', 2, 1195, 0, 0, 0),
(659, 6, 19, '20201016', 3, 1197, 1, 0, 1500),
(660, 4, 19, 'viernes', 0, 1198, 1, 0, 0),
(660, 4, 19, '20201023', 2, 1199, 1, 0, 0),
(661, 5, 19, '20201017', 3, 1200, 0, 0, 1500),
(572, 3, 20, '20201023', 3, 1206, 0, 0, 1500),
(226, 2, 20, '20201026', 0, 1316, 0, 0, 0),
(613, 3, 19, '20201023', 3, 1208, 0, 0, 1500),
(323, 5, 18, '20201018', 3, 1210, 0, 0, 1500),
(126, 7, 20, '20201023', 3, 1211, 0, 0, 1500),
(664, 7, 21, '20201023', 3, 1257, 1, 0, 1500),
(682, 5, 19, '20201019', 3, 1262, 0, 0, 1500),
(659, 5, 19, '20201030', 0, 1214, 1, 0, 0),
(660, 4, 19, '20201030', 0, 1215, 1, 0, 0),
(664, 7, 21, 'viernes', 0, 1217, 1, 0, 0),
(664, 7, 21, '20201030', 0, 1218, 1, 0, 0),
(591, 4, 22, '20201016', 3, 1222, 0, 0, 1500),
(666, 5, 22, 'viernes', 0, 1220, 1, 0, 0),
(666, 5, 22, '20201023', 0, 1221, 1, 1, 0),
(612, 2, 21, '20201023', 3, 1223, 0, 0, 1500),
(666, 5, 22, '20201030', 0, 1225, 1, 0, 0),
(617, 2, 22, '20201023', 3, 1227, 0, 0, 1500),
(666, 5, 21, 'viernes', 0, 1228, 1, 0, 0),
(666, 5, 21, '20201023', 3, 1229, 1, 0, 1500),
(670, 1, 23, '20201017', 3, 1233, 0, 0, 1500),
(672, 5, 17, '20201017', 3, 1235, 0, 0, 1500),
(676, 1, 16, '20201025', 0, 1239, 0, 0, 0),
(463, 4, 16, 'sábado', 0, 1240, 1, 0, 0),
(463, 4, 16, '20201024', 3, 1241, 1, 0, 1500),
(661, 5, 19, '20201024', 3, 1246, 0, 0, 1500),
(568, 4, 20, '20201024', 3, 1245, 0, 0, 1500),
(677, 2, 21, '20201017', 3, 1247, 0, 0, 1500),
(500, 3, 20, '20201024', 1, 1248, 0, 0, 0),
(537, 2, 20, '20201024', 1, 1249, 0, 0, 0),
(678, 3, 20, '20201020', 3, 1250, 0, 0, 1500),
(495, 2, 21, '20201024', 3, 1251, 0, 0, 1500),
(679, 5, 21, 'sábado', 0, 1252, 1, 0, 0),
(679, 5, 21, '20201024', 3, 1253, 1, 0, 1500),
(679, 5, 21, '20201017', 2, 1254, 1, 0, 0),
(644, 1, 21, 'sábado', 0, 1255, 1, 0, 0),
(644, 1, 21, '20201024', 0, 1256, 1, 1, 0),
(681, 6, 18, '20201018', 3, 1261, 0, 0, 1500),
(685, 1, 19, '20201018', 3, 1265, 0, 0, 1500),
(687, 2, 18, '20201018', 3, 1267, 0, 0, 1500),
(686, 5, 19, '20201018', 3, 1266, 0, 0, 1500),
(688, 5, 17, 'domingo', 0, 1268, 1, 0, 0),
(688, 5, 17, '20201025', 0, 1269, 1, 0, 0),
(688, 5, 17, '20201018', 0, 1270, 1, 1, 0),
(693, 7, 20, 'sábado', 0, 1277, 1, 0, 0),
(690, 1, 22, '20201018', 3, 1272, 0, 0, 1500),
(738, 2, 19, '20201021', 3, 1361, 0, 0, 1500),
(691, 4, 19, '20201019', 3, 1275, 0, 0, 1500),
(693, 7, 20, '20201024', 3, 1278, 1, 0, 1500),
(694, 5, 23, '20201018', 3, 1279, 0, 0, 1200),
(22, 1, 21, '20201026', 0, 1282, 1, 0, 0),
(695, 7, 18, '20201019', 3, 1281, 0, 0, 1500),
(186, 6, 19, '20201026', 0, 1283, 1, 0, 0),
(252, 6, 22, '20201026', 0, 1284, 1, 0, 0),
(319, 1, 19, '20201026', 0, 1285, 1, 0, 0),
(406, 4, 20, '20201026', 0, 1286, 1, 0, 0),
(539, 1, 22, '20201026', 0, 1287, 1, 0, 0),
(7, 1, 22, '20201027', 0, 1288, 1, 0, 0),
(13, 1, 21, '20201027', 0, 1289, 1, 0, 0),
(16, 5, 21, '20201027', 0, 1290, 1, 0, 0),
(17, 5, 20, '20201027', 0, 1291, 1, 0, 0),
(4, 1, 14, '20201027', 0, 1292, 1, 0, 0),
(270, 1, 19, '20201027', 0, 1293, 1, 0, 0),
(275, 5, 22, '20201027', 0, 1296, 1, 0, 0),
(246, 1, 18, '20201027', 0, 1297, 1, 0, 0),
(550, 7, 21, '20201027', 0, 1298, 1, 0, 0),
(462, 4, 21, '20201027', 0, 1299, 1, 0, 0),
(246, 5, 18, '20201027', 0, 1300, 1, 0, 0),
(582, 1, 20, '20201027', 0, 1301, 1, 0, 0),
(598, 4, 19, '20201027', 0, 1302, 1, 0, 0),
(703, 2, 19, '20201023', 3, 1314, 0, 0, 1500),
(697, 7, 20, 'lunes', 0, 1304, 1, 0, 0),
(697, 7, 20, '20201019', 3, 1305, 1, 0, 1500),
(698, 3, 21, 'martes', 0, 1306, 1, 0, 0),
(698, 3, 21, '20201027', 0, 1307, 1, 0, 0),
(700, 5, 23, '20201019', 3, 1309, 0, 0, 1500),
(701, 4, 18, '20201019', 3, 1310, 0, 0, 1500),
(697, 7, 20, '20201026', 0, 1311, 1, 0, 0),
(702, 3, 21, '20201019', 2, 1312, 0, 0, 0),
(696, 1, 18, '20201020', 3, 1313, 0, 0, 1500),
(704, 3, 22, '20201021', 3, 1315, 0, 0, 1500),
(304, 1, 20, '20201026', 0, 1317, 0, 0, 0),
(705, 1, 23, '20201019', 3, 1318, 0, 0, 1500),
(706, 2, 18, '20201019', 3, 1319, 0, 0, 1500),
(763, 7, 21, '20201021', 3, 1417, 0, 0, 1500),
(708, 1, 16, '20201021', 3, 1321, 0, 0, 1500),
(709, 1, 23, '20201020', 3, 1322, 0, 0, 1350),
(710, 3, 22, '20201019', 3, 1323, 0, 0, 1500),
(731, 1, 15, '20201027', 0, 1352, 1, 0, 0),
(712, 2, 21, '20201019', 2, 1326, 0, 0, 0),
(713, 7, 22, '20201020', 3, 1327, 0, 0, 1500),
(89, 1, 18, '20201026', 0, 1328, 0, 0, 0),
(716, 1, 21, '20201022', 3, 1331, 0, 0, 1500),
(514, 5, 20, '20201026', 0, 1334, 0, 0, 0),
(684, 4, 21, '20201019', 3, 1335, 0, 0, 1500),
(718, 3, 22, '20201020', 3, 1336, 0, 0, 1500),
(719, 6, 20, '20201026', 0, 1337, 0, 0, 0),
(102, 5, 21, '20201026', 0, 1338, 0, 0, 0),
(720, 5, 23, '20201022', 3, 1339, 0, 0, 1500),
(698, 3, 21, '20201020', 0, 1340, 1, 1, 0),
(731, 1, 15, 'martes', 0, 1351, 1, 0, 0),
(722, 4, 22, '20201021', 3, 1342, 0, 0, 1500),
(723, 1, 17, '20201020', 3, 1343, 0, 0, 1500),
(724, 6, 19, '20201020', 3, 1344, 0, 0, 1500),
(631, 2, 20, '20201028', 0, 1453, 1, 0, 0),
(727, 5, 16, '20201022', 3, 1347, 0, 0, 1500),
(736, 4, 18, '20201020', 3, 1359, 0, 0, 1500),
(737, 2, 19, '20201022', 3, 1360, 0, 0, 1500),
(763, 7, 21, 'miércoles', 0, 1457, 1, 0, 0),
(740, 5, 19, '20201023', 3, 1363, 0, 0, 1500),
(748, 5, 23, '20201020', 3, 1387, 0, 0, 1500),
(742, 5, 19, 'martes', 0, 1365, 1, 0, 0),
(742, 5, 19, '20201027', 0, 1366, 1, 0, 0),
(741, 7, 19, '20201020', 3, 1367, 0, 0, 1500),
(583, 4, 21, '20201024', 3, 1375, 0, 0, 1500),
(742, 5, 19, '20201020', 0, 1371, 1, 1, 0),
(615, 2, 21, '20201029', 0, 1491, 1, 0, 0),
(751, 4, 23, '20201021', 3, 1388, 0, 0, 1500),
(105, 6, 20, '20201031', 0, 1583, 1, 0, 0),
(634, 2, 20, '20201027', 0, 1381, 0, 0, 0),
(418, 4, 20, '20201027', 0, 1382, 0, 0, 0),
(599, 2, 21, 'martes', 0, 1383, 1, 0, 0),
(599, 2, 21, '20201027', 0, 1384, 1, 0, 0),
(653, 6, 21, '20201027', 0, 1385, 0, 0, 0),
(743, 6, 22, '20201020', 3, 1386, 0, 0, 1500),
(5, 5, 20, '20201028', 0, 1392, 1, 0, 0),
(753, 5, 23, '20201021', 3, 1390, 0, 0, 1500),
(709, 1, 23, '20201027', 0, 1391, 0, 0, 0),
(7, 1, 22, '20201028', 0, 1393, 1, 0, 0),
(26, 5, 22, '20201028', 0, 1394, 1, 0, 0),
(35, 1, 20, '20201028', 0, 1395, 1, 0, 0),
(216, 1, 21, '20201028', 0, 1396, 1, 0, 0),
(135, 7, 18, '20201028', 0, 1397, 1, 0, 0),
(226, 4, 20, '20201028', 0, 1398, 1, 0, 0),
(431, 5, 19, '20201028', 0, 1399, 1, 0, 0),
(438, 5, 21, '20201028', 0, 1400, 1, 0, 0),
(479, 6, 20, '20201028', 0, 1401, 1, 0, 0),
(538, 4, 21, '20201028', 0, 1402, 1, 0, 0),
(520, 5, 15, '20201028', 0, 1403, 1, 0, 0),
(597, 1, 15, '20201028', 0, 1404, 1, 0, 0),
(607, 3, 20, '20201028', 0, 1405, 1, 0, 0),
(581, 4, 22, '20201028', 0, 1406, 1, 0, 0),
(754, 3, 21, '20201028', 0, 1407, 0, 0, 0),
(755, 1, 20, '20201021', 3, 1408, 0, 0, 1500),
(779, 2, 18, '20201022', 3, 1481, 0, 0, 1500),
(757, 1, 18, '20201021', 3, 1410, 0, 0, 1500),
(758, 6, 20, '20201023', 3, 1411, 0, 0, 1500),
(759, 6, 18, '20201023', 3, 1412, 0, 0, 1500),
(760, 5, 18, '20201021', 3, 1413, 0, 0, 1500),
(761, 4, 18, '20201021', 3, 1414, 0, 0, 1500),
(762, 5, 18, 'sábado', 0, 1415, 1, 0, 0),
(762, 5, 18, '20201024', 3, 1416, 1, 0, 1500),
(771, 4, 18, '20201024', 3, 1439, 0, 0, 1500),
(1, 1, 19, '20201029', 0, 1420, 1, 0, 0),
(332, 7, 21, '20201029', 0, 1421, 1, 0, 0),
(55, 4, 20, '20201029', 0, 1422, 1, 0, 0),
(4, 1, 14, '20201029', 0, 1423, 1, 0, 0),
(129, 7, 20, '20201029', 0, 1424, 1, 0, 0),
(130, 5, 20, '20201029', 0, 1425, 1, 0, 0),
(25, 4, 21, '20201029', 0, 1426, 1, 0, 0),
(261, 1, 15, '20201029', 0, 1427, 1, 0, 0),
(321, 1, 21, '20201029', 0, 1428, 1, 0, 0),
(455, 1, 22, '20201029', 0, 1429, 1, 0, 0),
(443, 1, 20, '20201029', 0, 1430, 1, 0, 0),
(468, 6, 20, '20201029', 0, 1431, 1, 0, 0),
(640, 4, 22, '20201029', 0, 1432, 1, 0, 0),
(767, 1, 15, 'domingo', 0, 1434, 1, 0, 0),
(767, 1, 15, '20201025', 0, 1435, 1, 0, 0),
(768, 4, 17, '20201023', 2, 1436, 0, 0, 0),
(824, 7, 21, '20201024', 3, 1596, 0, 0, 1500),
(772, 3, 21, '20201023', 3, 1441, 0, 0, 1500),
(761, 4, 18, '20201028', 0, 1442, 0, 0, 0),
(774, 1, 19, '20201025', 0, 1444, 0, 0, 0),
(775, 5, 22, '20201023', 3, 1445, 0, 0, 1500),
(776, 6, 19, '20201027', 0, 1446, 0, 0, 0),
(773, 5, 18, '20201022', 3, 1448, 0, 0, 1500),
(365, 4, 19, '20201028', 0, 1449, 0, 0, 0),
(777, 6, 22, '20201022', 3, 1450, 0, 0, 1500),
(738, 2, 19, '20201028', 0, 1451, 0, 0, 0),
(631, 2, 20, 'miércoles', 0, 1452, 1, 0, 0),
(388, 7, 20, 'miércoles', 0, 1454, 1, 0, 0),
(388, 7, 20, '20201028', 0, 1455, 1, 0, 0),
(678, 3, 20, '20201027', 0, 1456, 0, 0, 0),
(763, 7, 21, '20201028', 0, 1458, 1, 0, 0),
(704, 3, 22, '20201028', 0, 1459, 0, 0, 0),
(809, 1, 16, '20201024', 3, 1523, 0, 0, 1500),
(611, 6, 22, 'miércoles', 0, 1461, 1, 0, 0),
(611, 6, 22, '20201028', 0, 1462, 1, 0, 0),
(529, 1, 23, '20201028', 0, 1464, 0, 0, 0),
(714, 5, 19, '20201026', 0, 1465, 0, 0, 0),
(727, 5, 16, '20201029', 0, 1467, 0, 0, 0),
(779, 1, 17, '20201022', 3, 1468, 0, 0, 1500),
(780, 5, 17, '20201022', 3, 1469, 0, 0, 1500),
(781, 6, 18, '20201024', 3, 1470, 0, 0, 1500),
(782, 2, 18, '20201024', 3, 1471, 0, 0, 1500),
(783, 4, 17, '20201022', 3, 1472, 0, 0, 1500),
(784, 1, 20, '20201025', 0, 1473, 0, 0, 0),
(785, 3, 15, '20201023', 3, 1474, 0, 0, 1500),
(350, 4, 19, '20201029', 0, 1476, 0, 0, 0),
(833, 2, 19, '20201024', 3, 1605, 0, 0, 1500),
(595, 2, 21, '20201028', 0, 1480, 0, 0, 0),
(789, 7, 19, '20201024', 3, 1482, 0, 0, 1500),
(629, 5, 19, '20201029', 0, 1485, 0, 0, 0),
(737, 2, 20, '20201029', 0, 1486, 0, 0, 0),
(792, 1, 18, '20201023', 3, 1487, 0, 0, 1500),
(615, 2, 21, 'jueves', 0, 1488, 1, 0, 0),
(793, 6, 20, '20201027', 0, 1489, 0, 0, 0),
(794, 7, 22, '20201023', 3, 1490, 0, 0, 1500),
(666, 5, 21, '20201030', 0, 1492, 1, 0, 0),
(581, 6, 22, 'viernes', 0, 1493, 1, 0, 0),
(615, 3, 20, '20201029', 0, 1494, 0, 0, 0),
(144, 5, 21, 'jueves', 0, 1495, 1, 0, 0),
(795, 5, 23, '20201027', 0, 1496, 0, 0, 0),
(796, 5, 15, '20201024', 8, 1497, 0, 0, 0),
(796, 5, 16, '20201024', 8, 1498, 0, 0, 0),
(796, 6, 17, '20201024', 8, 1499, 0, 0, 0),
(581, 6, 22, '20201023', 0, 1500, 1, 1, 0),
(581, 6, 22, '20201030', 0, 1501, 1, 0, 0),
(299, 1, 19, '20201028', 0, 1502, 0, 0, 0),
(659, 5, 19, '20201023', 0, 1503, 1, 1, 0),
(797, 3, 22, '20201023', 3, 1504, 0, 0, 1500),
(144, 5, 21, '20201029', 0, 1505, 1, 0, 0),
(798, 1, 23, '20201023', 3, 1506, 0, 0, 1500),
(800, 1, 18, '20201030', 0, 1510, 1, 1, 0),
(800, 1, 18, 'viernes', 0, 1509, 1, 0, 0),
(800, 1, 18, '20201023', 0, 1511, 1, 1, 0),
(801, 7, 18, '20201024', 3, 1512, 0, 0, 1500),
(802, 2, 18, '20201023', 3, 1513, 0, 0, 1500),
(803, 1, 20, '20201024', 1, 1514, 0, 0, 0),
(804, 3, 17, '20201023', 3, 1515, 0, 0, 1500),
(805, 1, 14, '20201023', 0, 1519, 1, 1, 0),
(805, 1, 14, '20201030', 0, 1518, 1, 0, 0),
(806, 2, 22, '20201024', 0, 1520, 0, 0, 0);
INSERT INTO `reserva` (`id_turno`, `cancha`, `horario`, `fecha`, `condicion`, `id_reserva`, `esfijo`, `borrado`, `pago`) VALUES
(821, 2, 16, '20201024', 3, 1580, 0, 0, 1500),
(810, 4, 14, '20201023', 3, 1524, 0, 0, 1500),
(811, 1, 16, '20201023', 3, 1525, 0, 0, 1500),
(812, 1, 18, '20201029', 0, 1526, 0, 0, 0),
(815, 1, 18, '20201024', 3, 1529, 0, 0, 1500),
(811, 1, 16, '20201030', 0, 1530, 0, 0, 0),
(816, 6, 22, '20201023', 3, 1531, 0, 0, 1500),
(800, 1, 18, '20201030', 0, 1532, 0, 0, 0),
(69, 2, 20, '20201106', 0, 1533, 1, 0, 0),
(226, 4, 20, '20201106', 0, 1534, 1, 0, 0),
(274, 1, 21, '20201106', 0, 1535, 1, 0, 0),
(475, 4, 21, '20201106', 0, 1536, 1, 0, 0),
(647, 5, 20, '20201106', 0, 1537, 1, 0, 0),
(659, 5, 19, '20201106', 0, 1538, 1, 0, 0),
(805, 1, 14, '20201106', 0, 1539, 1, 0, 0),
(660, 4, 19, '20201106', 0, 1540, 1, 0, 0),
(664, 7, 21, '20201106', 0, 1541, 1, 0, 0),
(666, 5, 22, '20201106', 0, 1542, 1, 0, 0),
(666, 5, 21, '20201106', 0, 1543, 1, 0, 0),
(581, 6, 22, '20201106', 0, 1544, 1, 0, 0),
(800, 1, 18, '20201106', 0, 1545, 1, 0, 0),
(7, 1, 22, '20201113', 0, 1546, 1, 0, 0),
(63, 1, 19, '20201113', 0, 1547, 1, 0, 0),
(69, 2, 20, '20201113', 0, 1548, 1, 0, 0),
(71, 1, 20, '20201113', 0, 1549, 1, 0, 0),
(165, 4, 22, '20201113', 0, 1550, 1, 0, 0),
(226, 4, 20, '20201113', 0, 1551, 1, 0, 0),
(274, 1, 21, '20201113', 0, 1552, 1, 0, 0),
(229, 7, 19, '20201113', 0, 1553, 1, 0, 0),
(475, 4, 21, '20201113', 0, 1554, 1, 0, 0),
(647, 5, 20, '20201113', 0, 1555, 1, 0, 0),
(659, 5, 19, '20201113', 0, 1556, 1, 0, 0),
(805, 1, 14, '20201113', 0, 1557, 1, 0, 0),
(660, 4, 19, '20201113', 0, 1558, 1, 0, 0),
(664, 7, 21, '20201113', 0, 1559, 1, 0, 0),
(666, 5, 22, '20201113', 0, 1560, 1, 0, 0),
(666, 5, 21, '20201113', 0, 1561, 1, 0, 0),
(581, 6, 22, '20201113', 0, 1562, 1, 0, 0),
(800, 1, 18, '20201113', 0, 1563, 1, 0, 0),
(229, 7, 19, '20201106', 0, 1564, 1, 0, 0),
(338, 5, 18, '20201030', 0, 1565, 0, 0, 0),
(572, 3, 20, '20201030', 0, 1568, 0, 0, 0),
(819, 3, 23, '20201023', 3, 1569, 0, 0, 1500),
(613, 3, 19, 'viernes', 0, 1570, 1, 0, 0),
(613, 3, 19, '20201030', 0, 1571, 1, 0, 0),
(703, 6, 19, '20201030', 0, 1572, 0, 0, 0),
(740, 2, 19, '20201030', 0, 1573, 0, 0, 0),
(126, 7, 20, '20201030', 0, 1574, 0, 0, 0),
(613, 3, 19, '20201106', 0, 1575, 1, 0, 0),
(820, 7, 20, 'viernes', 0, 1576, 1, 0, 0),
(820, 7, 20, '20201106', 0, 1577, 1, 0, 0),
(617, 2, 22, '20201030', 0, 1578, 0, 0, 0),
(612, 2, 21, '20201030', 0, 1579, 0, 0, 0),
(828, 7, 17, '20201024', 2, 1600, 0, 0, 0),
(63, 1, 19, '20201030', 0, 1582, 1, 0, 0),
(1, 1, 19, '20201105', 0, 1615, 1, 0, 0),
(71, 1, 20, '20201030', 0, 1584, 1, 0, 0),
(165, 4, 22, '20201030', 0, 1585, 1, 0, 0),
(226, 4, 20, '20201030', 0, 1586, 1, 0, 0),
(274, 1, 21, '20201030', 0, 1587, 1, 0, 0),
(229, 7, 19, '20201030', 0, 1588, 1, 0, 0),
(475, 4, 21, '20201030', 0, 1589, 1, 0, 0),
(647, 5, 20, '20201030', 0, 1590, 1, 0, 0),
(693, 7, 20, '20201031', 0, 1593, 1, 0, 0),
(762, 5, 18, '20201031', 0, 1594, 1, 0, 0),
(770, 1, 15, '20201031', 0, 1595, 0, 0, 0),
(826, 3, 19, '20201024', 3, 1598, 0, 0, 1500),
(827, 4, 19, '20201024', 3, 1599, 0, 0, 1500),
(829, 3, 17, '20201024', 3, 1601, 0, 0, 1500),
(830, 6, 19, '20201024', 3, 1602, 0, 0, 1500),
(831, 3, 21, '20201024', 3, 1603, 0, 0, 1500),
(834, 6, 21, '20201024', 3, 1606, 0, 0, 1500),
(835, 1, 22, '20201024', 0, 1607, 0, 0, 0),
(836, 5, 22, '20201024', 0, 1608, 0, 0, 0),
(672, 5, 17, '20201031', 0, 1609, 0, 0, 0),
(781, 6, 17, '20201031', 0, 1610, 0, 0, 0),
(781, 6, 18, '20201031', 0, 1611, 0, 0, 0),
(789, 7, 19, '20201031', 0, 1612, 0, 0, 0),
(837, 6, 19, '20201025', 0, 1614, 0, 0, 0),
(332, 7, 21, '20201105', 0, 1616, 1, 0, 0),
(55, 4, 20, '20201105', 0, 1617, 1, 0, 0),
(4, 1, 14, '20201105', 0, 1618, 1, 0, 0),
(129, 7, 20, '20201105', 0, 1619, 1, 0, 0),
(130, 5, 20, '20201105', 0, 1620, 1, 0, 0),
(25, 4, 21, '20201105', 0, 1621, 1, 0, 0),
(261, 1, 15, '20201105', 0, 1622, 1, 0, 0),
(321, 1, 21, '20201105', 0, 1623, 1, 0, 0),
(455, 1, 22, '20201105', 0, 1624, 1, 0, 0),
(443, 1, 20, '20201105', 0, 1625, 1, 0, 0),
(468, 6, 20, '20201105', 0, 1626, 1, 0, 0),
(640, 4, 22, '20201105', 0, 1627, 1, 0, 0),
(615, 2, 21, '20201105', 0, 1628, 1, 0, 0),
(144, 5, 21, '20201105', 0, 1629, 1, 0, 0),
(22, 1, 21, '20210208', 0, 1630, 1, 0, 0),
(186, 6, 19, '20210208', 0, 1631, 1, 0, 0),
(252, 6, 22, '20210208', 0, 1632, 1, 0, 0),
(319, 1, 19, '20210208', 0, 1633, 1, 0, 0),
(406, 4, 20, '20210208', 0, 1634, 1, 0, 0),
(539, 1, 22, '20210208', 0, 1635, 1, 0, 0),
(697, 7, 20, '20210208', 0, 1636, 1, 0, 0),
(527, 5, 16, '20210221', 0, 1637, 1, 0, 0),
(688, 5, 17, '20210221', 0, 1638, 1, 0, 0),
(767, 1, 15, '20210221', 0, 1639, 1, 0, 0);

-- --------------------------------------------------------

--
-- Estructura de tabla para la tabla `salidas`
--

DROP TABLE IF EXISTS `salidas`;
CREATE TABLE IF NOT EXISTS `salidas` (
  `descripcion` varchar(30) NOT NULL,
  `gasto` decimal(10,2) NOT NULL,
  `io` int(11) NOT NULL AUTO_INCREMENT,
  PRIMARY KEY (`io`)
) ENGINE=MyISAM DEFAULT CHARSET=latin1;

-- --------------------------------------------------------

--
-- Estructura de tabla para la tabla `stockfactura`
--

DROP TABLE IF EXISTS `stockfactura`;
CREATE TABLE IF NOT EXISTS `stockfactura` (
  `numero` varchar(30) NOT NULL,
  `producto` varchar(20) NOT NULL,
  `cantidad` int(10) NOT NULL
) ENGINE=MyISAM DEFAULT CHARSET=latin1;

-- --------------------------------------------------------

--
-- Estructura de tabla para la tabla `totaldia`
--

DROP TABLE IF EXISTS `totaldia`;
CREATE TABLE IF NOT EXISTS `totaldia` (
  `tipo` int(2) NOT NULL,
  `total` decimal(10,2) NOT NULL
) ENGINE=MyISAM DEFAULT CHARSET=latin1;

-- --------------------------------------------------------

--
-- Estructura de tabla para la tabla `turnos`
--

DROP TABLE IF EXISTS `turnos`;
CREATE TABLE IF NOT EXISTS `turnos` (
  `id_turno` int(11) NOT NULL AUTO_INCREMENT,
  `turno` varchar(20) NOT NULL,
  `saldo` int(11) DEFAULT '0',
  `telefono` varchar(20) NOT NULL,
  `comentario` varchar(50) NOT NULL DEFAULT '',
  PRIMARY KEY (`id_turno`)
) ENGINE=MyISAM AUTO_INCREMENT=823 DEFAULT CHARSET=latin1;

--
-- Volcado de datos para la tabla `turnos`
--

INSERT INTO `turnos` (`id_turno`, `turno`, `saldo`, `telefono`, `comentario`) VALUES
(1, 'Colo', 0, '2216912073', ''),
(2, 'Luciano', 0, '2216274042', ''),
(3, 'Fede Escuelita', 0, '221', ''),
(4, 'Matias(Nini)', 0, '2215314570', ''),
(5, 'Sergio', 0, '2215483154', 'c'),
(6, 'Gonzalo', 0, '2213077080', ''),
(7, 'Gustavo', 0, '2216305814', ''),
(8, 'Sebastian', 0, '2216807840', ''),
(9, 'Javier', 0, '2216189265', ''),
(10, 'Sergio', 0, '2213617232', ''),
(11, 'Daniel', 0, '2213197424', ''),
(12, 'Alan', 0, '2213509235', ''),
(13, 'Ezequiel', 0, '2214777993', ''),
(14, 'Gabino', 0, '2244426327', ''),
(15, 'Julian', 0, '2215968436', ''),
(16, 'Diego', 0, '2215552575', ''),
(17, 'ruben', 0, '2214637805', ''),
(18, 'Francisco', 0, '2216569892', ''),
(19, 'Guillermo', 0, '2215663913', ''),
(20, 'Gabriel', 0, '2216308878', ''),
(21, 'Lautaro', 0, '2216183825', ''),
(22, 'Brian', 0, '2216733987', ''),
(23, 'Sebastian', 0, '2216731968', ''),
(24, 'Lucas', 0, '2216090902', ''),
(25, 'Lucas', 0, '2216090902', ''),
(26, 'Emanuel', 0, '2214009317', 'c'),
(27, 'Facundo', 0, '2216008150', ''),
(28, 'Yanela', 0, '2216111938', ''),
(29, 'Juan', 0, '2216093970', ''),
(30, 'Fabian', 0, '007', ''),
(31, 'Lucas', 0, '2213506357', ''),
(32, 'Ariel Ovejero', 0, '2214504203', ''),
(33, 'Gonzalo', 0, '2215755352', ''),
(34, 'Diego Galvan', 0, '3731609222', 'faltan 200'),
(35, 'Jorge', 0, '2215379752', ''),
(36, 'Marcos', 0, '2216839539', ''),
(37, 'Nicolas', 0, '2214541966', ''),
(38, 'Enzo', 0, '2215222932', ''),
(39, 'Juan Romero', 0, '2216756859', ''),
(40, 'Matias', 0, '2216266119', ''),
(41, 'Martin', 0, '2216012272', ''),
(42, 'Gonzalo', 0, '2216681054', ''),
(43, 'De toro', 0, '2213592791', ''),
(44, 'Coco', 0, '2216360150', ''),
(45, 'Nacho', 0, '2216611375', ''),
(46, 'Lucas', 0, '2216360200', ''),
(47, 'Daniel', 0, '2214406938', ''),
(48, 'Gustavo', 0, '2215664616', ''),
(49, 'Javier', 0, '2213197006', ''),
(50, 'Cristian', 0, '2216106700', ''),
(51, 'Guillermo', 0, '2215663913', ''),
(52, 'Yanela', 0, '2216106700', ''),
(53, 'Matias', 0, '2215895138', ''),
(54, 'Martin', 0, '2214088396', ''),
(55, 'D\'lio', 50, '2215477872', ''),
(56, 'Gonza Lopez', 0, '2215018474', ''),
(57, 'German', 0, '2213569007', ''),
(58, 'Ernestro', 0, '2932403611', ''),
(59, 'Cristian', 0, '2216240017', ''),
(60, 'Brian(Medio turno)', 0, '2214361792', ''),
(61, 'Jonatan', 0, '2215613172', ''),
(62, 'Lucas', 0, '2213553799', ''),
(63, 'Mauricio', 0, '2216913155', ''),
(64, 'Juan', 0, '2213160696', ''),
(65, 'Hernan', 0, '2213057459', ''),
(66, 'Facundo', 0, '2214386804', ''),
(67, 'Oscar', 0, '2216479565', ''),
(68, 'Ariel', 0, '2216021807', ''),
(69, 'Ariel', 80, '2216021807', ''),
(70, 'Jorge', 0, '2215578866', ''),
(71, 'Jorge', 630, '2215578866', ''),
(72, 'Gabi', 0, '2216308878', ''),
(73, 'Daniel', 0, '2215615458', ''),
(74, 'Franco', 0, '2213562562', ''),
(75, 'Gabriel', 0, '2216757757', ''),
(76, 'Alejandro', 0, '2216713315', ''),
(77, 'Ezequiel', 0, '2213601839', ''),
(78, 'Federico', 0, '2215485276', ''),
(79, 'Cristian', 0, '2216709745', ''),
(80, 'Richard', 0, '2215676077', ''),
(81, 'Fabian', 0, '2215405674', ''),
(82, 'Ramon', 0, '2216417997', ''),
(83, 'Emanuel', 0, '22161469451', ''),
(84, 'Nahuel', 0, '2215741504', ''),
(85, 'Yair', 0, '2214560629', ''),
(86, 'Alexis', 0, '2213506052', ''),
(87, 'Marcelo', 0, '2214775763', ''),
(88, 'Juan', 0, '2213520190', ''),
(89, 'Leo', 0, '2216925529', ''),
(90, 'Matias', 0, '007', ''),
(91, 'Jonatan', 0, '2215581996', ''),
(92, 'Martin', 0, '2214088396', ''),
(93, 'Gaston', 0, '007', ''),
(94, 'Gonzalo', 0, '2216029471', ''),
(95, 'Pablo', 0, '2215198095', ''),
(96, 'Diego Sosa', 0, '1153357175', ''),
(97, 'Santi', 0, '2213163720', ''),
(98, 'Agustin', 0, '2216109506', ''),
(99, 'Celeste', 0, '2214947133', ''),
(100, 'Maxi', 0, '2214191262', ''),
(101, 'franco', 0, '2215761783', ''),
(102, 'martin', 0, '2216012272', ''),
(103, 'matoas', 0, '8', ''),
(104, 'mateo', 0, '2216065304', ''),
(105, 'Sergio', 0, '2216104185', ''),
(106, 'Ever', 0, '2214387075', ''),
(107, 'mateo', 0, '2215363345', ''),
(108, 'Hector', 0, '2215573992', ''),
(109, 'Alejo', 0, '2215317925', ''),
(110, 'Jonas', 0, '2215042178', ''),
(111, 'Mauri', 0, '2215749841', ''),
(112, 'Leandro', 0, '2216221825', ''),
(113, 'Agustin 1/2', 0, '2215067705', ''),
(114, 'Nani', 0, '2216816020', ''),
(115, 'Juan Ignacio', 0, '2216054985', ''),
(116, 'Lucas', 0, '2216714241', ''),
(117, 'Javier', 0, '007', ''),
(118, 'Mati peralta', 0, '2216680268', ''),
(119, 'Franco', 0, '2214987378', ''),
(120, 'Marco', 0, '2215909859', ''),
(121, 'Carlos', 0, '2213618689', ''),
(122, 'Mauricio', 0, '2214096086', ''),
(123, 'Sebastian', 0, '2215236910', ''),
(124, 'Nicolas', 0, '2215968949', ''),
(125, 'Mauricio nini', 0, '007', ''),
(126, 'Cristian', 0, '2215933973', ''),
(127, 'Ariana', 0, '2216710180', ''),
(128, 'juan carlos', 0, '2216473517', ''),
(129, 'nahuel', 0, '2214356475', ''),
(130, 'Manu/Alan', 0, '2216076446', ''),
(131, 'Alejo', 0, '2216612764', ''),
(132, 'Lautaro', 0, '2214987489', ''),
(133, 'alejo', 0, '2216612764', ''),
(134, 'facundo', 0, '564', ''),
(135, 'cristian', 0, '2213106700', 'c'),
(136, 'luis castillo', 0, '2216081385', ''),
(137, 'agustin', 0, '2215639347', ''),
(138, 'daniel', 0, '2', ''),
(139, 'agustin cordoba', 0, '2214356475', ''),
(140, 'pechuga', 0, '456', ''),
(141, 'frigorifico', 0, '2216150192', ''),
(142, 'dylan', 0, '2216013261', ''),
(143, 'brian', 0, '2216330354', ''),
(144, 'matias', 0, '2215220041', ''),
(145, 'Gonzalo', 0, '2213081617', ''),
(146, 'Brian Ballejos', 0, '2214384005', ''),
(147, 'Luca', 0, '2216082202', ''),
(148, 'Agustin', 0, '2215761768', ''),
(149, 'cristian', 0, '2215914201', ''),
(150, 'agustin', 0, '2214816775', ''),
(151, 'JUorge Perez', 0, '2216614291', ''),
(152, 'Gaston', 0, '2216038269', ''),
(153, 'Alvarez', 0, '2213624845', ''),
(154, 'Ezequiel', 0, '2215898081', ''),
(155, 'Mateo', 0, '2215369175', ''),
(156, 'Lucas', 0, '2213506357', ''),
(157, 'Ramiro', 0, '2213140481', ''),
(158, 'Ever', 0, '2214387075', ''),
(159, 'Facundo', 0, '2215435294', ''),
(160, 'Lautaro', 0, '2214005604', ''),
(161, 'matias', 0, '4', ''),
(162, 'Emanuel', 0, '2214982589', ''),
(163, 'Mariano', 0, '2215592658', ''),
(164, 'cristian serrano', 0, '2213573675', ''),
(165, 'julio', 300, '2216221940', ''),
(166, 'Facundo', 0, '2215039663', ''),
(167, 'JEREMIAS VELAZQUEZ', 0, '2214084808', ''),
(168, 'LAUTARO', 0, '2214987489', 'faltan 300'),
(169, 'FRANCO', 0, '2213562562', ''),
(170, 'JULIO', 0, '2215242951', ''),
(171, 'CHAVEZ', 500, '2213179671', ''),
(172, 'AGUSTIN ', 0, '2215761768', ''),
(173, 'Brian', 0, '007', ''),
(174, 'Sanjua', 0, '2213183919', ''),
(175, 'Milton', 0, '2213515099', ''),
(176, 'De toro', 0, '2213592791', ''),
(177, 'Juan', 0, '22135210190', ''),
(178, 'Enzo', 0, '2215972754', ''),
(179, 'Emilio', 0, '2215913490', ''),
(180, 'Miranda', 0, '1150997901', ''),
(181, 'Jorge', 0, '007', ''),
(182, 'Facundo', 0, '2216775020', ''),
(183, 'Nani', 0, '2216816020', ''),
(184, 'Axel', 0, '2214370524', ''),
(185, 'Lucas', 0, '2216225985', ''),
(186, 'Oscar', 210, '2214943799', ''),
(187, 'Agustin', 0, '2215639347', ''),
(188, 'Martin', 0, '2215400491', ''),
(189, 'Valentinio', 0, '2216708217', ''),
(190, 'Octavio', 0, '2213513195', ''),
(191, 'jorge', 0, '2216051873', ''),
(192, 'Facundo Kornuta', 0, '2215435294', ''),
(193, 'Agustin', 0, '2215761768', ''),
(194, 'gaston', 0, '2215562384', ''),
(195, 'facundo(gratis)', 0, '2215437687', ''),
(196, 'juan', 0, '2216093970', ''),
(197, 'pablo figueroa', 0, '2214381446', ''),
(198, 'lopez hector', 0, '2215573992', ''),
(199, 'Jose', 0, '2215905981', ''),
(200, 'Carmen', 0, '22254', ''),
(201, 'Jairo', 0, '2214095302', ''),
(202, 'Juan', 0, '2216054985', ''),
(203, 'Gabriel', 0, '2214945561', ''),
(204, 'Sebastian', 0, '2215915921', ''),
(205, 'Fabricio', 0, '2215966848', ''),
(206, 'Daiana', 0, '2213103934', ''),
(207, 'Acuña', 0, '2216703113', ''),
(208, 'Leandro', 0, '2216185732', ''),
(209, 'Valeria', 0, '1156057211', ''),
(210, 'Silvio', 0, '2215750055', ''),
(211, 'Alberto', 0, '2215423476', ''),
(212, 'Joaquin', 0, '2216170553', ''),
(213, 'Miranda', 0, '1150997901', ''),
(214, 'Damian', 0, '2216261486', ''),
(215, 'Braian', 0, '2213170190', ''),
(216, 'Maxi', 0, '2216270104', 'c'),
(217, 'Tomas', 0, '2215581855', ''),
(218, 'Sergio', 0, '2213617232', ''),
(219, 'JuaN CRUZ', 0, '2213037224', ''),
(220, 'Gonzalo', 0, '221856985', ''),
(221, 'ulises', 0, '2213191162', ''),
(222, 'ulises fijo', 0, '7', ''),
(223, 'samuel', 0, '2213614285', ''),
(224, 'javier caballero', 0, '2215860444', ''),
(225, 'francisco fijo', 0, '2216569892', ''),
(226, 'francisco fijo', 0, '2216569892', ''),
(227, 'jose vega', 0, '2213074723', ''),
(228, 'fabian fijo', 0, '2215405674', ''),
(229, 'fabian fijo', 0, '2215650120', ''),
(230, 'agustin', 0, '2213170792', ''),
(231, 'matias', 0, '2216111183', ''),
(232, 'matias fijo', 0, '2216111183', ''),
(233, 'Toro', 0, '2213592791', ''),
(234, 'matias', 0, '2216429565', ''),
(235, 'mateo', 0, '2215369175', ''),
(236, 'cristian', 0, '2216395934', ''),
(237, 'farias', 0, '2215796721', ''),
(238, 'walter millar', 0, '2215371903', ''),
(239, 'charly', 0, '2216039932', ''),
(240, 'sanchez luciano', 0, '2214765522', ''),
(241, 'javi fijo', 0, '2216220275', ''),
(242, 'hector', 0, '2213635364', ''),
(243, 'mario', 0, '2213537381', ''),
(244, 'marcelo fijo', 0, '564', ''),
(245, 'dario', 0, '59', ''),
(246, 'mauri', 200, '2215749841', ''),
(247, 'Brian', 0, '2214586470', ''),
(248, 'andres', 0, '2214948085', ''),
(249, 'Daniel fijo ', 0, '2215656886', ''),
(250, 'brian', 0, '41', ''),
(251, 'Julian', 0, '2215719724', ''),
(252, 'Pablo', 0, '5', ''),
(253, 'Brian', 0, '2214596470', ''),
(254, 'Facundo', 0, '2216008150', ''),
(255, 'David', 0, '007', ''),
(256, 'Javier', 0, '2216189265', ''),
(257, 'Javier', 0, '2216189265', ''),
(258, 'Hernan', 0, '2213057459', ''),
(259, 'Cristian', 0, '2213030170', ''),
(260, 'Jonatan', 0, '2216124023', ''),
(261, 'Claudio', 0, '2214810005', ''),
(262, 'Mateo', 0, '2216310305', ''),
(263, 'Ariel', 0, '2216245188', ''),
(264, 'Alejo', 0, '007', ''),
(265, 'Emanuel', 0, '2213588863', ''),
(266, 'Maorou', 0, '007', ''),
(267, 'alexis', 0, '2213506052', ''),
(268, 'marcos', 0, '221589040', ''),
(269, 'david', 0, '56', ''),
(270, 'pucaco fijo', 0, '786', ''),
(271, 'david', 0, '543', ''),
(272, 'Nicolas', 0, '2215950953', ''),
(273, 'Ezequiel', 0, '2214765385', ''),
(274, 'Lalo', 0, '2215236785', ''),
(275, 'Sanjua', 0, '2213183919', ''),
(276, 'Carlos', 0, '2213054342', ''),
(277, 'Sanjua', 0, '2213183919', ''),
(278, 'Alejo', 0, '2216612764', ''),
(279, 'Lolo', 0, '2213632700', ''),
(280, 'Celeste', 0, '2214947133', ''),
(281, 'Jonatan 1/2', 0, '2216124023', ''),
(282, 'David', 0, '2215970263', ''),
(283, 'Alen', 0, '2216738568', ''),
(284, 'Bimbo', 0, '2216403163', ''),
(285, 'Esteban', 0, '882', ''),
(286, 'Julian 1/2', 0, '2215719724', ''),
(287, 'Sebastian', 0, '2215236910', ''),
(288, 'Jonas', 0, '2215042178', ''),
(289, 'Lucas', 0, '2215246236', ''),
(290, 'Omar', 0, '2213641948', ''),
(291, 'Emanuel 1/2', 0, '2216611585', ''),
(292, 'emanuel', 0, '2214982589', ''),
(293, 'daniel', 0, '2135416', ''),
(294, 'guillermo', 0, '2216267475', ''),
(295, 'FRANCO', 0, '2215588073', ''),
(296, 'SEBASTIAN', 0, '2216807840', ''),
(297, 'Mateo', 0, '123456789', ''),
(298, 'Matias', 100, '123456', ''),
(406, 'Denis', 0, '2215796021', ''),
(299, 'Juan Romero', 0, '2216756859', 'c'),
(300, 'Emanuel', 0, '2213588863', ''),
(301, 'Federico', 0, '2215257004', ''),
(302, 'Lucas', 0, '123456', ''),
(303, 'Alejandro', 0, '2213506205', ''),
(304, 'Jorge', 300, '2216614291', ''),
(305, 'Lautaro', 0, '2214005604', ''),
(306, 'Jonatan', 0, '2216365232', ''),
(307, 'Ruben', 0, '2213108434', ''),
(308, 'Juan cruz', 0, '2213037224', ''),
(309, 'Jose', 0, '2213074726', ''),
(310, 'Tomas', 0, '2216106176', ''),
(311, 'Ezequiel', 0, '2215461102', ''),
(312, 'Lucas', 0, '2213506357', ''),
(313, 'Mateo', 0, '2215890388', ''),
(314, 'Fermin', 0, '2215657207', ''),
(315, 'Nery', 0, '2216315822', ''),
(316, 'hector', 0, '2215573992', ''),
(317, 'Gonzalo', 0, '2215018474', ''),
(318, 'Matias', 0, '1231213', ''),
(319, 'matias', 0, '56', ''),
(320, 'matias', 0, '745', ''),
(321, 'pechuga', 0, '2214182880', ''),
(322, 'manu alan', 0, '2216076446', ''),
(323, 'brian', 0, '2215062037', ''),
(324, 'ever', 0, '66', ''),
(325, 'Farias', 0, '234', ''),
(326, 'yy', 0, '99', ''),
(327, 'Luciana ', 0, '2214381051', ''),
(328, 'Mateo', 0, '234', ''),
(329, 'Leandro', 0, '2216185732', ''),
(330, 'Marcos', 0, '2216839539', ''),
(331, 'Lucas', 0, '2216429960', ''),
(332, 'Cristian', 0, '2216395934', ''),
(333, 'Gabriel portela', 0, '2216308878', ''),
(334, 'Diana', 0, '2213103934', ''),
(335, 'Valentina', 0, '2214089969', ''),
(336, 'Mateo', 0, '2213639400', ''),
(337, 'Santiago', 0, '2213163726', ''),
(338, 'esteban', 0, '2213513195', ''),
(339, 'Federico', 0, '2215116676', ''),
(340, 'Jonas', 0, '2216402049', ''),
(341, 'Lucas', 0, '2215898206', ''),
(342, 'David', 0, '3731609222', ''),
(343, 'Gonzalo', 0, '2214881859', ''),
(344, 'ivan', 0, '2213578865', ''),
(345, 'luis', 0, '456', ''),
(346, 'Gaston', 0, '2216137526', ''),
(347, 'Carlos', 200, '210215', ''),
(348, 'Victor', 0, '2214636856', ''),
(349, 'Martin', 0, '2215400491', ''),
(350, 'Roman', 0, '2215366980', ''),
(351, 'Franco', 0, '2213101795', ''),
(352, 'Juan', 0, '2216054985', ''),
(353, 'Gonzalo', 0, '2213041902', ''),
(354, 'Braian', 0, '2216330354', ''),
(355, 'Milton', 0, '2221007', ''),
(356, 'Milton', 0, '2424', ''),
(357, 'aIRTON', 0, '2216611585', ''),
(358, 'Karen', 0, '2215607653', ''),
(359, 'Pablo', 0, '2215742595', ''),
(360, 'Juan', 0, '2216093970', ''),
(361, 'Enzo', 0, '2215972754', ''),
(362, 'Alan', 0, '2213082850', ''),
(363, 'Federico', 0, '2215485276', 'c'),
(364, 'Cristian', 0, '2216709745', ''),
(365, 'Uriel', 0, '2216792948', 'c'),
(366, 'Mateo', 0, '2216310305', ''),
(367, 'Mateo', 0, '2215890388', ''),
(368, 'Pablo', 0, '2214381446', ''),
(369, 'Facundo', 0, '213', ''),
(370, 'Simon', 0, '2215779370', ''),
(371, 'Lorenzo', 0, '2213632700', ''),
(372, 'Franco Tobala', 0, '2216420362', ''),
(373, 'Luciano', 0, '2214765522', ''),
(374, 'Nicolas', 0, '2215983511', ''),
(375, 'Esteban', 0, '2213513195', ''),
(376, 'Elio', 0, '2213102522', ''),
(377, 'Hector', 0, '2215573992', ''),
(378, 'Agustin', 0, '2216657007', ''),
(379, 'Franco', 0, '2215678805', ''),
(380, 'Claudio', 0, '2215953365', ''),
(381, 'Tomas', 0, '2215581855', ''),
(382, 'Marco', 0, '2215909859', ''),
(383, 'Matias', 0, '2214385090', ''),
(384, 'Diego', 0, '2216058120', ''),
(385, 'patricio fijo', 0, '456', ''),
(386, 'daniel', 0, '75', ''),
(387, 'federico', 0, '2215257004', ''),
(388, 'lucas', 0, '2215246236', 'c'),
(389, 'lucas', 0, '2215246236', ''),
(390, 'jonatan', 0, '2215581996', ''),
(391, 'federico', 0, '2215257004', 'c'),
(392, 'denis', 0, '2', ''),
(393, 'nani', 0, '2216816020', ''),
(394, 'fernando pisani', 0, '2216319007', ''),
(395, 'joaquin', 0, '564', ''),
(396, 'franco', 0, '564', ''),
(397, 'figueroa', 0, '2214381446', ''),
(398, 'german', 0, '654', ''),
(399, 'Ariel Vallejos', 0, '2216776742', ''),
(400, 'Matias', 0, '2215360539', ''),
(401, 'santi', 0, '75', ''),
(402, 'santi', 0, '2214984155', ''),
(403, 'Andres Gomez', 0, '1136668680', ''),
(404, 'Nicolas', 0, '2215950953', ''),
(405, 'Agustin', 0, '2215067705', ''),
(407, 'Lucas', 0, '2215340719', 'c'),
(408, 'Leandro', 0, '2216185732', ''),
(409, 'De Toro', 0, '2213592791', ''),
(410, 'Mateo', 0, '2213634139', ''),
(411, 'Matias', 0, '2215555924', ''),
(412, 'Nahuel', 0, '2215452785', ''),
(413, 'Nahuel', 0, '2216902414', ''),
(414, 'Renzo', 0, '222201', ''),
(415, 'Tomas', 0, '2215548547', ''),
(416, 'Alexis', 0, '2215641236', ''),
(417, 'Alejandro', 0, '2213506205', ''),
(418, 'Matias fijo', 0, '2213572296', ''),
(419, 'Gabriel', 0, '2215089530', ''),
(420, 'Tiago', 0, '2213632489', ''),
(421, 'Facundo', 0, '2213510506', ''),
(422, 'Emiliano', 0, '2216319297', ''),
(423, 'Facundo Seba', 0, '2007', ''),
(424, 'daniel', 0, '46', ''),
(425, 'cristian', 0, '2215903037', ''),
(426, 'carlos', 0, '5', ''),
(427, 'daniel', 0, '78', ''),
(428, 'Fernando', 0, '2216097580', ''),
(429, 'Braian', 0, '2213191031', ''),
(430, 'Facundo', 0, '2216008150', ''),
(431, 'Javier', 0, '2216220275', 'c'),
(432, 'Sara', 0, '2213627247', ''),
(433, 'Victor', 0, '2214190731', ''),
(434, 'Matias', 0, '2215657655', ''),
(435, 'Jonny', 0, '2215626848', ''),
(436, 'Gaston', 0, '2324555638', 'confirmo'),
(437, 'Eze', 0, '2216568545', 'confirmo'),
(438, 'matias', 0, '2216237476', 'c'),
(439, 'samuel', 0, '2213614285', ''),
(440, 'Ulises', 0, '2213191162', ''),
(441, 'Matias', 0, '2216266119', ''),
(442, 'Jonathan', 0, '2213144880', ''),
(443, 'gonzalo lopez', 0, '2215018474', ''),
(444, 'Braian', 0, '2216330354', ''),
(459, 'Franco', 0, '2215588073', ''),
(458, 'Franco', 0, '2215588073', ''),
(445, 'Martin', 0, '2215426790', 'confimo'),
(446, 'Marcos', 0, '2215890940', ''),
(447, 'Nahuel', 0, '6546', ''),
(448, 'Ramoin', 0, '2216902899', ''),
(449, 'Jose', 0, '2216559912', ''),
(450, 'Federio', 0, '2213578428', ''),
(451, 'Omar', 0, '2213641948', ''),
(452, 'Matias', 0, '2214385090', ''),
(453, 'No cerraron', 0, '007', ''),
(454, 'Mateo', 0, '2215890388', ''),
(455, 'Ever', 0, '2214387075', ''),
(456, 'Alcides', 0, '2216755111', ''),
(457, 'Frigoreifico', 0, '211', ''),
(460, 'Julio', 0, '2215026168', ''),
(461, 'Suarez', 0, '2215558359', ''),
(462, 'Cristian', 0, '2215914201', ''),
(463, 'Milton', 0, '007', ''),
(464, 'Valeria', 0, '1156057211', ''),
(465, 'Alex', 0, '2216184237', ''),
(466, 'Copa', 0, '007', ''),
(472, 'Sergio', 0, '1130737152', ''),
(467, 'Santiago', 0, '2213163726', ''),
(468, 'Alan', 0, '2213082850', ''),
(469, 'Gonzalo', 0, '2214881859', ''),
(470, 'Facundo', 0, '2216008150', ''),
(471, 'Raul', 0, '2216000424', ''),
(473, 'Juan', 0, '2215670052', ''),
(474, 'Axel', 0, '2214796387', ''),
(475, 'Raul', 500, '2216000424', ''),
(476, 'Ayrton', 0, '2213073295', ''),
(477, 'Tefi', 0, '007', ''),
(478, 'Martin', 0, '2215426790', ''),
(479, 'gonzalo', 0, '2213044848', 'c'),
(480, 'frenando', 0, '2216097580', ''),
(481, 'daiana', 0, '221', ''),
(482, 'gabriel', 0, '45', ''),
(483, 'lautaro', 0, '45', ''),
(484, 'Renzo', 0, '221888888888', ''),
(485, 'Ezequiel', 0, '2213092019', ''),
(486, 'german', 0, '6', ''),
(487, 'daiana', 0, '2215111169', ''),
(488, 'nery', 0, '2', ''),
(489, 'Carolina', 0, '2214987489', ''),
(490, 'Nahuel', 0, '2215433374', ''),
(491, 'Enzo', 0, '2215972754', ''),
(492, 'Sebastian', 0, '2216807840', ''),
(505, 'Matias', 0, '2215939373', ''),
(493, 'Nahuel', 0, '7412724', ''),
(494, 'Karen', 0, '2215607653', ''),
(495, 'Ezequiel', 0, '2213092019', ''),
(499, 'Richard', 0, '2321654', ''),
(498, 'Omar', 0, '2216051873', ''),
(496, 'Federico mixto', 0, '2215485276', ''),
(497, 'Federico', 0, '2215485276', ''),
(500, 'Lucas', 0, '2216165998', ''),
(501, 'Milton', 0, '65465', ''),
(502, 'Ciro', 0, '2215704266', ''),
(503, 'Ayrton', 0, '2215065427', ''),
(504, 'Cristian', 0, '2215371903', 'c'),
(506, 'Lautaro', 0, '2214361025', ''),
(507, 'Mariano', 0, '2216016186', ''),
(508, 'Emanuel', 0, '2216169451', ''),
(509, 'Emanuel', 0, '221', ''),
(510, 'Carlos', 0, '2213618689', ''),
(511, 'Santiago', 0, '2216487963', ''),
(512, 'Valentina', 0, '2216708217', ''),
(513, 'Uriel', 0, '2216173397', ''),
(514, 'Ezequiel', 0, '2216721914', ''),
(515, 'Brian', 0, '2213101586', ''),
(516, 'Renzo', 0, '221456548', ''),
(517, 'Franco', 0, '2216420362', ''),
(518, 'Alexis', 0, '2215014371', ''),
(519, 'Franco', 0, '2213101795', ''),
(520, 'Federico', 0, '2215116676', ''),
(521, 'Emanuel', 0, '2215028448', ''),
(522, 'Franco', 0, '2216051991', ''),
(523, 'Franco', 0, '2214987378', ''),
(524, 'Mateo', 0, '2216310305', ''),
(525, 'Oscar', 0, '2213549922', ''),
(526, 'Agustin', 0, '2121', ''),
(527, 'Agustin', 0, '2216657007', ''),
(528, 'Maxi', 0, '2216270104', ''),
(529, 'Franco', 0, '2215588073', 'c'),
(530, 'Cristian', 0, '2215020086', ''),
(531, 'Julian', 0, '2215114566', ''),
(532, 'Valentino', 0, '2216708217', ''),
(533, 'Tomas', 0, '2213591676', ''),
(534, 'Lautaro', 0, '2216159748', ''),
(535, 'Farias', 0, '2215796721', ''),
(536, 'Jonathan', 0, '2216124375', ''),
(537, 'Ariel', 0, '2216245188', ''),
(538, 'Ruiz Diaz', 0, '2216221881', 'c'),
(539, 'jonatan', 0, '2', ''),
(540, 'lautaro', 0, '21', ''),
(541, 'german', 0, '4', ''),
(542, 'luciano', 0, '2214765522', ''),
(543, 'lucas', 0, '2214941308', ''),
(544, 'lautaro', 0, '2213062553', ''),
(545, 'walter', 0, '56', ''),
(546, 'matias', 0, '2216062710', ''),
(547, 'nahuel', 0, '54', ''),
(548, 'gonzalo', 0, '2215018474', ''),
(549, 'gonzalo', 0, '2215018474', ''),
(550, 'gonzalo', 0, '2215018474', ''),
(551, 'sebastian', 0, '63', ''),
(552, 'martin', 0, '2215400491', ''),
(553, 'julian', 0, '2214359593', ''),
(554, 'alex', 0, '4', ''),
(555, 'emiliano', 0, '2216319297', ''),
(556, 'Dario', 0, '221455658568', ''),
(557, 'jorge fijo', 0, '123', ''),
(558, 'matias', 0, '789', ''),
(559, 'pablo', 0, '2215901986', ''),
(560, 'Emmanuel Pinedo', 0, '2216221287', ''),
(561, 'santi', 0, '2', ''),
(562, 'gabriel', 0, '2215089530', ''),
(563, 'Mauricio1', 0, '2213032032', ''),
(564, 'Carlos', 0, '2215980810', ''),
(565, 'Brian', 0, '2214384005', ''),
(566, 'Ariel', 0, '2213054707', ''),
(567, 'Jara', 0, '2215053815', ''),
(568, 'Daiana', 0, '2214947133', ''),
(569, 'Elio', 0, '2213102522', ''),
(570, 'Abram', 0, '2215747944', ''),
(574, 'fernando', 0, '34', ''),
(571, 'Esteban', 0, '2214083471', ''),
(572, 'Nahuel|', 0, '2214385942', ''),
(573, 'Brian', 0, '2216330354', ''),
(575, 'juan', 0, '2213160696', ''),
(576, 'german', 0, '78', ''),
(577, 'felix', 0, '56', ''),
(578, 'lucas', 0, '2213613508', ''),
(579, 'Melani', 0, '2216102491', ''),
(580, 'uriel', 0, '5', ''),
(581, 'Carlos', 290, '2214543734', ''),
(582, 'Carlos', 0, '2215980810', ''),
(583, 'Nery', 0, '2216315822', ''),
(603, 'Nicolas', 0, '2213565815', ''),
(584, 'Elias', 0, '2216007521', ''),
(585, 'Ezequiel', 0, '2216341461', ''),
(602, 'nahuel', 0, '2214579340', ''),
(601, 'agustinm', 0, '2215642014', ''),
(586, 'Matias', 0, '2213063289', ''),
(587, 'Lucas', 0, '2216247973', ''),
(588, 'Martin', 0, '2216402437', ''),
(589, 'Cristian', 0, '2215580461', ''),
(590, 'Mauro', 0, '2216000559', ''),
(604, 'brian', 0, '53', ''),
(591, 'Chavez', 0, '2215994867', ''),
(592, 'Fernando', 0, '543', ''),
(593, 'Franco', 0, '2214987378', ''),
(594, 'Farias', 0, '2215796721', ''),
(595, 'Diego', 0, '2215965737', ''),
(596, 'Agustin', 0, '2216063854', ''),
(597, 'Mauricio', 0, '12341234', ''),
(598, 'Diego', 0, '2216058120', ''),
(599, 'fraanco', 0, '2214380539', ''),
(600, 'Mateo', 0, '2215890388', ''),
(605, 'eduardo tucu', 0, '2215634436', ''),
(606, 'orlando', 0, '2215425186', ''),
(607, 'orlando', 0, '2215425186', 'c'),
(608, 'marco', 0, '2215909859', ''),
(609, 'edgar', 0, '2216050116', ''),
(610, 'orlando', 0, '2215425186', ''),
(611, 'Leandro', 300, '1160474208', ''),
(612, 'Sergio', 0, '1130737152', ''),
(613, 'David', 0, '3731609222', ''),
(627, 'Cristian', 0, '2213187102', ''),
(614, 'Valeria', 0, '1156057211', ''),
(615, 'Gaston', 0, '2216137526', ''),
(616, 'Marco', 0, '2215909859', ''),
(626, 'Julio', 0, '2215026168', ''),
(617, 'Matias', 0, '2215605927', ''),
(618, 'Matias', 0, '2215895138', ''),
(625, 'Abel', 0, '2214732984', ''),
(619, 'Gonzalo', 0, '2214881859', ''),
(620, 'Gustavo', 0, '2213108434', ''),
(621, 'Sebastian', 0, '2215236910', ''),
(622, 'Alexis', 0, '2213506052', ''),
(623, 'Antonio', 0, '2215234909', ''),
(624, 'Sergio', 0, '2216926167', ''),
(628, 'Angel', 0, '2215623324', ''),
(629, 'Alejo', 0, '2216612764', ''),
(630, 'coco', 0, '2216360150', ''),
(631, 'nicolas', 0, '2216557908', ''),
(632, 'daniel', 0, '4', ''),
(633, 'santiago', 0, '2213163726', ''),
(634, 'nicolas', 1000, '2216567332', ''),
(635, 'alejo', 0, '2216753907', ''),
(636, 'Jairo', 0, '2214095302', ''),
(637, 'Toro', 0, '2213592791', ''),
(638, 'Jose', 0, '221501057', ''),
(639, 'Mateo', 0, '2216310305', ''),
(640, 'elio', 0, '2213102522', ''),
(641, 'Brian', 0, '2216733987', ''),
(642, 'Estefi', 0, '2215031870', ''),
(643, 'Jose', 0, '2215095981', ''),
(644, 'Ariel', 0, '2213054707', ''),
(660, 'marcelo', 0, '221', ''),
(645, 'Fernando', 0, '2216097580', ''),
(659, 'javier caballero', 0, '2215860444', ''),
(646, 'Victor', 0, '2214190731', ''),
(647, 'Victor', 160, '2214190731', ''),
(648, 'sass', 0, '33', ''),
(649, 'Victor', 0, '77', ''),
(650, 'Gabino', 0, '2244426327', ''),
(651, 'Airton', 0, '2216611585', 'c'),
(661, 'Karen', 0, '2215607653', ''),
(652, 'Sebastian', 0, '2216807840', ''),
(653, 'Braian', 0, '2216259255', ''),
(654, 'Brian', 0, '2216733987', ''),
(655, 'Fabio', 0, '2215850834', ''),
(656, 'Nazareno', 0, '2214972695', ''),
(657, 'miguel', 0, '155045736', ''),
(658, 'antonio', 0, '56', ''),
(662, 'francisco', 0, '2216569892', ''),
(663, 'gabriel', 0, '2216757757', ''),
(664, 'gabriel', 0, '2216757757', ''),
(665, 'chavez', 0, '2', ''),
(666, 'chavez', 0, '5', ''),
(667, 'Facundo', 0, '2216008150', ''),
(668, 'Kevin', 0, '2216218677', ''),
(669, 'Brian', 0, '1156965317', ''),
(670, 'Airton', 0, '2216611585', ''),
(671, 'Rodrigo', 0, '2213510506', ''),
(672, 'Juan', 0, '2216102500', ''),
(673, 'Airton', 0, '221', ''),
(674, 'Sebastian', 0, '2216178147', ''),
(675, 'Sebastian', 0, '226354', ''),
(676, 'Lorenzo', 0, '654564', ''),
(677, 'Ariel', 0, '221', ''),
(678, 'Ruiz Diaz ', 0, '2216221881', ''),
(679, 'Efrain', 0, '2216009409', ''),
(680, 'Franco', 0, '2216420362', ''),
(681, 'Gabino', 0, '2244426327', ''),
(682, 'Agustin', 0, '2213170792', ''),
(683, 'Ignacio', 0, '2213607795', ''),
(684, 'Gabriel', 0, '2215089530', ''),
(685, 'Marcos', 0, '007', ''),
(686, 'Mauro', 0, '2216000559', ''),
(687, 'Nahuel', 0, '2216902414', ''),
(688, 'Valentino', 0, '2216708217', ''),
(689, 'Franco', 0, '2213101795', ''),
(690, 'Franco', 0, '2214987378', ''),
(691, 'Brian', 0, '2215062037', ''),
(692, 'Emanuel Pinedo', 0, '2216221287', ''),
(693, 'Emanuel Pinedo', 0, '2216221287', ''),
(694, 'Martin', 0, '2215426790', ''),
(695, 'Dylan', 0, '2216013261', ''),
(696, 'brian correa', 0, '2216190118', ''),
(697, 'lautaro', 0, '2214005604', ''),
(698, 'nahuel fijo', 0, '2214091588', ''),
(699, 'german', 0, '45', ''),
(700, 'uriel', 0, '45', ''),
(701, 'facundo', 0, '2216008150', ''),
(702, 'marcos', 0, '2215890940', ''),
(703, 'elias fernandez', 0, '2215368196', ''),
(704, 'luciano', 0, '2215970283', 'c'),
(705, 'nadia', 0, '56', ''),
(706, 'franco', 0, '2216003567', ''),
(707, 'ariana', 0, '2216710180', ''),
(708, 'cristian', 0, '2215580461', ''),
(709, 'luciano', 0, '2214765522', ''),
(710, 'franco', 0, '45', ''),
(711, 'julio', 0, '2215258165', ''),
(712, 'lautaro', 0, '54', ''),
(713, 'juan', 0, '2215670052', ''),
(714, 'miguel', 0, '2216832803', ''),
(715, 'eduardo', 0, '2215634436', 'c'),
(716, 'eduardo', 0, '2215634436', ''),
(717, 'brian', 0, '2216330354', ''),
(718, 'Valentin Vallejos', 0, '2215319017', ''),
(719, 'ariana', 0, '2216710180', ''),
(720, 'uriel', 0, '2216173397', ''),
(721, 'Valentin', 0, '22131412747', ''),
(722, 'Kevin', 0, '2213635859', 'c'),
(723, 'Jose', 0, '2213074726', ''),
(747, 'LKucas', 0, '2215415926', ''),
(724, 'Agustin', 0, '2216924906', ''),
(725, 'Emiliuano', 0, '2212635014', ''),
(748, 'ulises', 0, '4', ''),
(726, 'Jonathan', 0, '2213144880', ''),
(727, 'Julio', 0, '2216688189', ''),
(728, 'Mauro', 0, '2216000559', 'c'),
(729, 'Adrian', 0, '2214098228', ''),
(730, 'Fabricio', 0, '2216388208', ''),
(731, 'Fabio', 0, '2213618956', ''),
(732, 'Matias', 0, '2215220041', ''),
(733, 'Martin', 0, '2215400491', 'c'),
(734, 'Lucas', 0, '2215938323', ''),
(735, 'Roberto', 0, '2215942175', ''),
(736, 'Yamil', 0, '2216118941', ''),
(737, 'Ariana', 0, '2216710180', ''),
(738, 'Branco', 0, '2214190946', 'c'),
(739, 'Acuña', 0, '2215019163', 'c'),
(740, 'Mario', 0, '2215916675', ''),
(741, 'manu alan', 0, '2213608390', ''),
(742, 'manu alan', 0, '2216076446', ''),
(743, 'santiago', 0, '2215400491', ''),
(744, 'Marco', 0, '2215909859', ''),
(745, 'matias', 0, '2215555924', ''),
(746, 'arton', 0, '2216611585', ''),
(749, 'nino', 0, '2216408595', ''),
(750, 'brian', 0, '2214596470', ''),
(751, 'Ezequiel', 0, '2216832803', 'c'),
(752, 'jonatan', 0, '2215581996', ''),
(753, 'ulesis', 0, '221', ''),
(754, 'Javier', 0, '113152734', ''),
(755, 'Valeria', 0, '1156057211', 'c'),
(756, 'Ramiro', 0, '2216368209', ''),
(757, 'Yamil', 0, '2216118941', 'c'),
(758, 'Valentin', 0, '2213599971', ''),
(759, 'Carlos', 0, '2215707665', ''),
(760, 'Maxi', 0, '2216196962', ''),
(761, 'Esteban', 0, '2214083471', ''),
(762, 'Alexis', 0, '2215641236', ''),
(763, 'Agustin', 0, '2216107369', ''),
(764, 'Diego', 0, '1149489358', ''),
(765, 'Facundo', 0, '2216319007', ''),
(766, 'alexis', 0, '2213506052', ''),
(767, 'alexis', 0, '2213506052', ''),
(768, 'lautaro', 0, '2215421839', ''),
(769, 'matias', 0, '2215657655', ''),
(770, 'fernando \'30', 0, '2216319007', ''),
(771, 'german', 0, '2215522860', ''),
(772, 'alexis', 0, '2213588863', ''),
(773, 'Agustina', 0, '2216407282', ''),
(774, 'brandom', 0, '2216281235', ''),
(775, 'orlando', 0, '2215425186', ''),
(776, 'Maria', 0, '2216182864', ''),
(777, 'Eze', 0, '2215048009', ''),
(778, 'Santiago', 0, '2213542944', ''),
(779, 'Gabino', 0, '221', ''),
(780, 'Jose Vega', 0, '221', ''),
(781, 'Yamil', 0, '2216752028', ''),
(782, 'Luciano', 0, '2215698809', ''),
(783, 'Renzo', 0, '221', ''),
(784, 'Nicolas', 0, '2213077176', ''),
(785, 'Teo', 0, '2213531224', ''),
(786, 'Agustin', 0, '22154', ''),
(787, 'Bri9an', 0, '221', ''),
(788, 'Renzo', 0, '221', ''),
(789, 'Matias', 0, '2215657655', ''),
(790, 'Farias', 0, '2215796721', ''),
(791, 'Angel', 0, '2215623324', ''),
(792, 'Martin', 0, '2216402437', ''),
(793, 'Abraham', 0, '2215747944', ''),
(794, 'Claudio', 0, '2215595820', ''),
(795, 'Uriel', 0, '2216173397', ''),
(796, 'Copa', 0, '221', ''),
(816, 'Emanuel', 0, '2215383901', ''),
(797, 'Julio', 0, '2215026168', ''),
(814, 'Gabriel', 0, '221', ''),
(815, 'Facundo', 0, '2214712171', ''),
(798, 'Juanchi', 0, '2213629777', ''),
(799, 'Jara', 0, '2215053815', ''),
(800, 'Jara', 0, '2215053815', ''),
(801, 'Marco', 0, '2215909859', ''),
(802, 'Horacio', 0, '2215947220', ''),
(803, 'Locaty', 0, '2215055136', ''),
(804, 'Nicolas', 0, '2216253212', ''),
(805, 'Omar', 0, '2213641948', ''),
(806, 'Pela', 0, '2213551945', ''),
(807, 'Jony', 0, '2214201504', ''),
(808, 'Julian', 0, '2215114566', ''),
(809, 'Luciano', 0, '2216333525', ''),
(810, 'Mauricio', 0, '2121', ''),
(811, 'Aquino', 0, '221', ''),
(812, 'Mario', 0, '2215950408', ''),
(813, 'lolo', 0, '1212', ''),
(817, 'Gabriel', 0, '2215959326', ''),
(818, 'dcgg', 0, '6546456', ''),
(819, 'agustin', 0, '2216692032', ''),
(820, 'cristian ', 0, '221', ''),
(821, 'gabriel', 0, '2215089530', ''),
(822, 'gonzalo', 0, '2213081617', '');

-- --------------------------------------------------------

--
-- Estructura de tabla para la tabla `ventas`
--

DROP TABLE IF EXISTS `ventas`;
CREATE TABLE IF NOT EXISTS `ventas` (
  `cantidad` int(10) NOT NULL,
  `nombre` varchar(20) NOT NULL,
  `total` decimal(15,2) NOT NULL,
  `fecha` date NOT NULL,
  `categoria` int(2) NOT NULL,
  `codigo` varchar(20) NOT NULL,
  `user` int(2) NOT NULL,
  `costo` decimal(8,2) NOT NULL
) ENGINE=MyISAM DEFAULT CHARSET=latin1;

--
-- Volcado de datos para la tabla `ventas`
--

INSERT INTO `ventas` (`cantidad`, `nombre`, `total`, `fecha`, `categoria`, `codigo`, `user`, `costo`) VALUES
(2, 'Paso D T Lata 269ml', '80.00', '2020-09-24', 1, '7791813800750', 0, '2707.24'),
(2, 'Agua 500ml', '120.00', '2020-09-24', 1, '7792799000899', 0, '2214.88'),
(2, 'Agua 2.20L', '200.00', '2020-09-24', 1, '7795930000543', 0, '1579.88'),
(1, 'Pepsi 500ml', '60.00', '2020-09-24', 1, '7791813555032', 0, '971.10'),
(3, 'Paso D Los To 2.25L', '480.00', '2020-09-24', 1, '7791813423386', 0, '5327.04'),
(1, '7 Up Lata 354ml', '50.00', '2020-09-24', 1, '7791813777021', 0, '777.39'),
(2, '7 Up 500ml', '120.00', '2020-09-24', 1, '7791813777038', 0, '1941.56'),
(13, 'Brahma 473ml', '1170.00', '2020-09-25', 1, '7792798005888', 0, '0.00'),
(5, 'Paso D Los To 2.25L', '800.00', '2020-09-25', 1, '7791813423386', 0, '8878.40'),
(1, 'Paso D T Lata 269ml', '40.00', '2020-09-25', 1, '7791813800750', 0, '1353.62'),
(2, '7 Up 500ml', '120.00', '2020-09-26', 1, '7791813777038', 0, '1941.56'),
(1, '7 Up Lata 354ml', '50.00', '2020-09-26', 1, '7791813777021', 0, '777.39'),
(2, 'Agua 2.20L', '200.00', '2020-09-26', 1, '7795930000543', 0, '1579.88'),
(1, '7 UP Sin Azu 2.25L', '160.00', '2020-09-26', 1, '7791813900115', 0, '1774.68'),
(3, 'Pepsi Lata 354ml', '150.00', '2020-09-26', 1, '7791813050117', 0, '2332.17'),
(2, 'Brahma 473ml', '180.00', '2020-09-26', 1, '7792798005888', 0, '0.00'),
(1, 'Pepsi 2.45L', '170.00', '2020-09-26', 1, '7791813555070', 0, '1843.00'),
(1, 'Paso D T Lata 269ml', '40.00', '2020-09-26', 1, '7791813800750', 0, '1353.62'),
(2, 'Paso D Los To 2.25L', '320.00', '2020-09-26', 1, '7791813423386', 0, '3551.36'),
(1, 'Pepsi Lata 354ml', '50.00', '2020-09-27', 1, '7791813050117', 0, '777.39'),
(2, 'Agua 2.20L', '200.00', '2020-09-27', 1, '7795930000543', 0, '1579.88'),
(1, 'Paso D T Lata 269ml', '40.00', '2020-09-27', 1, '7791813800750', 0, '1353.62'),
(1, '7 Up 500ml', '60.00', '2020-09-27', 1, '7791813777038', 0, '970.78'),
(1, '7 Up Lata 354ml', '50.00', '2020-09-27', 1, '7791813777021', 0, '777.39'),
(2, 'Pepsi 500ml', '120.00', '2020-09-27', 1, '7791813555032', 0, '1942.20'),
(13, 'Brahma 473ml', '1170.00', '2020-09-27', 1, '7792798005888', 0, '0.00'),
(1, 'Brahma 473ml', '90.00', '2020-09-28', 1, '7792798005888', 0, '0.00'),
(1, 'Agua 500ml', '60.00', '2020-09-28', 1, '7792799000899', 0, '1107.44'),
(7, 'Paso D Los To 2.25L', '1120.00', '2020-09-28', 1, '7791813423386', 0, '12429.76'),
(1, 'Pepsi 2.45L', '170.00', '2020-09-28', 1, '7791813555070', 0, '1843.00'),
(1, 'Pepsi 500ml', '60.00', '2020-09-28', 1, '7791813555032', 0, '971.10'),
(2, 'Pepsi Lata 354ml', '100.00', '2020-09-28', 1, '7791813050117', 0, '1554.78'),
(1, 'Pepsi 2.45L', '170.00', '2020-09-29', 1, '7791813555070', 0, '1843.00'),
(1, 'Agua 500ml', '60.00', '2020-09-29', 1, '7792799000899', 0, '1107.44'),
(1, 'Agua 2.20L', '100.00', '2020-09-30', 1, '7795930000543', 0, '789.94'),
(1, 'Agua 2.20L', '100.00', '2020-10-01', 1, '7795930000543', 0, '789.94'),
(12, 'Paso D Los To 2.25L', '1920.00', '2020-10-01', 1, '7791813423386', 0, '21308.16'),
(1, '7 Up 500ml', '60.00', '2020-10-01', 1, '7791813777038', 0, '970.78'),
(2, 'Agua 500ml', '100.00', '2020-10-01', 1, '7792799000899', 0, '2214.88'),
(1, '7 UP 2.45L', '170.00', '2020-10-01', 1, '7791813777076', 0, '1842.23'),
(1, 'Pepsi 500ml', '60.00', '2020-10-01', 1, '7791813555032', 0, '971.10'),
(1, 'Agua 500ml', '50.00', '2020-10-02', 1, '7792799000899', 0, '1107.44'),
(9, 'Brahma 473ml', '810.00', '2020-10-02', 1, '7792798005888', 0, '0.00'),
(4, '7 UP Sin Azu 2.25L', '640.00', '2020-10-02', 1, '7791813900115', 0, '7098.72'),
(1, '7 Up 500ml', '60.00', '2020-10-02', 1, '7791813777038', 0, '970.78'),
(1, 'Paso D T Lata 269ml', '40.00', '2020-10-03', 1, '7791813800750', 0, '1353.62'),
(2, 'Pepsi Lata 354ml', '100.00', '2020-10-03', 1, '7791813050117', 0, '1554.78'),
(4, '7 Up 500ml', '240.00', '2020-10-03', 1, '7791813777038', 0, '3883.12'),
(3, 'Pepsi 500ml', '180.00', '2020-10-03', 1, '7791813555032', 0, '2913.30'),
(1, '7 Up Lata 354ml', '50.00', '2020-10-03', 1, '7791813777021', 0, '777.39'),
(2, '7 UP 2.45L', '340.00', '2020-10-03', 1, '7791813777076', 0, '3684.46'),
(1, '7 Up Lata 354ml', '50.00', '2020-10-04', 1, '7791813777021', 0, '777.39'),
(1, '7 UP 2.45L', '170.00', '2020-10-04', 1, '7791813777076', 0, '1842.23'),
(1, 'Paso D T Lata 269ml', '40.00', '2020-10-04', 1, '7791813800750', 0, '1353.62'),
(13, 'Brahma 473ml', '1170.00', '2020-10-05', 1, '7792798005888', 0, '0.00'),
(3, 'Paso D Los To 2.25L', '480.00', '2020-10-05', 1, '7791813423386', 0, '5327.04'),
(9, 'Brahma 473ml', '810.00', '2020-10-06', 1, '7792798005888', 0, '0.00'),
(1, '7 Up Lata 354ml', '50.00', '2020-10-07', 1, '7791813777021', 0, '777.39'),
(1, 'Pepsi Lata 354ml', '50.00', '2020-10-07', 1, '7791813050117', 0, '777.39'),
(19, 'Brahma 473ml', '1710.00', '2020-10-07', 1, '7792798005888', 0, '0.00'),
(2, 'Pepsi 500ml', '120.00', '2020-10-08', 1, '7791813555032', 0, '1942.20'),
(2, '7 UP Sin Azu 2.25L', '320.00', '2020-10-08', 1, '7791813900115', 0, '3549.36'),
(53, 'Brahma 473ml', '4770.00', '2020-10-09', 1, '7792798005888', 0, '0.00'),
(2, 'Agua Glaciar 1.5L', '160.00', '2020-10-10', 1, '7792931000022', 0, '80.00'),
(2, '7 UP Sin Azu 2.25L', '320.00', '2020-10-10', 1, '7791813900115', 0, '221.80'),
(2, 'AwaFrut NarD 2.25L', '200.00', '2020-10-10', 1, '7795930000482', 0, '114.00'),
(2, 'AwaFrut Pom 2.25L', '200.00', '2020-10-10', 1, '7795930000499', 0, '114.00'),
(3, 'Brahma 473ml', '270.00', '2020-10-10', 1, '7792798005888', 0, '0.00'),
(1, 'Agua Eco 2L', '80.00', '2020-10-10', 1, '7792799000097', 0, '55.00'),
(1, 'Pepsi Lata 354ml', '50.00', '2020-10-10', 1, '7791813050117', 0, '32.39'),
(2, 'Pepsi Lata 354ml', '100.00', '2020-10-11', 1, '7791813050117', 0, '64.78'),
(3, 'AwaFrut NarD 2.25L', '300.00', '2020-10-11', 1, '7795930000482', 0, '171.00'),
(1, 'Pepsi 500ml', '60.00', '2020-10-11', 1, '7791813555032', 0, '40.46'),
(1, 'Agua Eco 2L', '90.00', '2020-10-11', 1, '7792799000097', 0, '55.00'),
(4, 'Gatorade Manz 500ml', '280.00', '2020-10-11', 1, '7792170042005', 0, '184.00'),
(2, 'AwaFrut Pom 2.25L', '200.00', '2020-10-11', 1, '7795930000499', 0, '114.00'),
(2, 'Paso D T Lata 269ml', '80.00', '2020-10-11', 1, '7791813800750', 0, '56.40'),
(1, 'Agua Glaciar 1.5L', '80.00', '2020-10-11', 1, '7792931000022', 0, '40.00'),
(1, 'Pepsi 2.45L', '170.00', '2020-10-11', 1, '7791813555070', 0, '115.18'),
(8, 'Agua 2.20L', '800.00', '2020-10-12', 1, '7795930000543', 0, '525.28'),
(2, '7 UP Sin Azu 2.25L', '320.00', '2020-10-12', 1, '7791813900115', 0, '221.80'),
(1, 'Pepsi Lata 354ml', '50.00', '2020-10-13', 1, '7791813050117', 0, '32.39'),
(6, 'Brahma 473ml', '540.00', '2020-10-13', 1, '7792798005888', 0, '0.00'),
(24, '7 Up Lata 354ml', '1200.00', '2020-10-14', 1, '7791813777021', 0, '777.36'),
(1, 'Brahma 473ml', '90.00', '2020-10-14', 1, '7792798005888', 0, '0.00'),
(2, '7 UP Sin Azu 2.25L', '320.00', '2020-10-14', 1, '7791813900115', 0, '221.80'),
(5, '7 Up 500ml', '300.00', '2020-10-14', 1, '7791813777038', 0, '202.20'),
(2, 'Pepsi Lata 354ml', '100.00', '2020-10-15', 1, '7791813050117', 0, '64.78'),
(2, 'Gatorade Manz 500ml', '140.00', '2020-10-15', 1, '7792170042005', 0, '92.00'),
(1, 'Pepsi 1,5L', '130.00', '2020-10-15', 1, '7791813555049', 0, '59.00'),
(1, 'Paso 1,5L', '130.00', '2020-10-15', 1, '7791813421382', 0, '59.00'),
(25, 'Brahma 473ml', '2250.00', '2020-10-15', 1, '7792798005888', 0, '0.00'),
(3, '7Up 1,5L', '390.00', '2020-10-15', 1, '7791813777045', 0, '177.00'),
(111, 'Brahma 473ml', '9990.00', '2020-10-16', 1, '7792798005888', 0, '0.00'),
(1, '7 Up Lata 354ml', '50.00', '2020-10-16', 1, '7791813777021', 0, '32.39'),
(2, '7 UP 2.45L', '340.00', '2020-10-17', 1, '7791813777076', 0, '230.36'),
(2, 'Pepsi Lata 354ml', '100.00', '2020-10-17', 1, '7791813050117', 0, '64.78'),
(3, 'Agua Eco 2L', '270.00', '2020-10-17', 1, '7792799000097', 0, '165.00'),
(30, 'Brahma 473ml', '2700.00', '2020-10-17', 1, '7792798005888', 0, '0.00'),
(2, 'Red Bull Free 250ml', '200.00', '2020-10-17', 1, '90415418', 0, '120.00'),
(3, '7Up 1,5L', '390.00', '2020-10-17', 1, '7791813777045', 0, '177.00'),
(3, 'Gatorade Manz 500ml', '210.00', '2020-10-17', 1, '7792170042005', 0, '138.00'),
(2, 'Paso 1,5L', '260.00', '2020-10-17', 1, '7791813421382', 0, '118.00'),
(1, '7 UP 2.45L', '170.00', '2020-10-18', 1, '7791813777076', 0, '115.18'),
(1, 'Agua Glaciar 1.5L', '80.00', '2020-10-18', 1, '7792931000022', 0, '40.00'),
(5, 'Brahma 473ml', '450.00', '2020-10-18', 1, '7792798005888', 0, '0.00'),
(1, 'Pepsi 2.45L', '170.00', '2020-10-18', 1, '7791813555070', 0, '115.18'),
(1, 'Paso D T Lata 269ml', '40.00', '2020-10-18', 1, '7791813800750', 0, '28.20'),
(13, 'Brahma 473ml', '1170.00', '2020-10-19', 1, '7792798005888', 0, '0.00'),
(1, '7Up 1,5L', '130.00', '2020-10-20', 1, '7791813777045', 0, '59.00'),
(1, 'Agua Glaciar 1.5L', '80.00', '2020-10-20', 1, '7792931000022', 0, '40.00'),
(8, 'Pepsi 1,5L', '1040.00', '2020-10-20', 1, '7791813555049', 0, '472.00'),
(5, 'Gatorade Manz 500ml', '350.00', '2020-10-21', 1, '7792170042005', 0, '230.00'),
(33, 'Brahma', '4950.00', '2020-10-21', 1, '2222222', 0, '3036.00'),
(1, 'AwaFrut NarD 2.25L', '100.00', '2020-10-21', 1, '7795930000482', 0, '57.00'),
(6, 'Brahma 473ml', '540.00', '2020-10-21', 1, '7792798005888', 0, '0.00'),
(5, 'Brahma 473ml', '450.00', '2020-10-22', 1, '7792798005888', 0, '0.00'),
(3, 'Pepsi 2.45L', '510.00', '2020-10-22', 1, '7791813555070', 0, '345.54'),
(1, 'Pepsi 1,5L', '130.00', '2020-10-22', 1, '7791813555049', 0, '59.00'),
(1, 'Paso D T Lata 269ml', '40.00', '2020-10-22', 1, '7791813800750', 0, '28.20'),
(1, 'Gatorade Manz 500ml', '70.00', '2020-10-22', 1, '7792170042005', 0, '46.00'),
(3, 'Brahma', '450.00', '2020-10-22', 1, '2222222', 0, '276.00'),
(2, 'Gatorade Manz 500ml', '140.00', '2020-10-23', 1, '7792170042005', 0, '92.00'),
(1, 'AwaFrut NarD 2.25L', '100.00', '2020-10-23', 1, '7795930000482', 0, '57.00'),
(17, 'Brahma 473ml', '1530.00', '2020-10-23', 1, '7792798005888', 0, '0.00'),
(27, 'Brahma', '4050.00', '2020-10-23', 1, '2222222', 0, '2484.00'),
(1, '7Up 1,5L', '130.00', '2020-10-23', 1, '7791813777045', 0, '59.00'),
(3, 'Paso 1,5L', '390.00', '2020-10-23', 1, '7791813421382', 0, '177.00'),
(1, 'Aquarius 1,5L', '120.00', '2020-10-23', 1, '154545', 0, '0.00'),
(2, 'Coca 1,5L', '260.00', '2020-10-23', 1, '222112', 0, '0.00'),
(1, 'Pepsi Lata 354ml', '50.00', '2020-10-23', 1, '7791813050117', 0, '32.39'),
(1, 'Stella', '200.00', '2020-10-23', 1, '333333', 0, '136.00'),
(1, 'Agua Eco 2L', '90.00', '2020-10-23', 1, '7792799000097', 0, '55.00');

-- --------------------------------------------------------

--
-- Estructura de tabla para la tabla `ventaturnos`
--

DROP TABLE IF EXISTS `ventaturnos`;
CREATE TABLE IF NOT EXISTS `ventaturnos` (
  `precio` int(5) NOT NULL,
  `cantidad` int(10) NOT NULL,
  `total` int(10) NOT NULL,
  `esmedia` int(10) NOT NULL DEFAULT '0'
) ENGINE=MyISAM DEFAULT CHARSET=latin1;
COMMIT;

/*!40101 SET CHARACTER_SET_CLIENT=@OLD_CHARACTER_SET_CLIENT */;
/*!40101 SET CHARACTER_SET_RESULTS=@OLD_CHARACTER_SET_RESULTS */;
/*!40101 SET COLLATION_CONNECTION=@OLD_COLLATION_CONNECTION */;
